/*
Post-Deployment Script Template							
--------------------------------------------------------------------------------------
 This file contains SQL statements that will be appended to the build script.		
 Use SQLCMD syntax to include a file in the post-deployment script.			
 Example:      :r .\myfile.sql								
 Use SQLCMD syntax to reference a variable in the post-deployment script.		
 Example:      :setvar TableName MyTable							
               SELECT * FROM [$(TableName)]					
--------------------------------------------------------------------------------------
*/


SET IDENTITY_INSERT [dbo].[TipoIdentificacion] ON 
IF NOT EXISTS (SELECT Codigo FROM dbo.TipoIdentificacion WHERE Codigo = 1)
INSERT [dbo].[TipoIdentificacion] ([Codigo], [Nombre], [Acronimo]) VALUES (1, N'Cédula de Ciudadanía', N'CC')
IF NOT EXISTS (SELECT Codigo FROM dbo.TipoIdentificacion WHERE Codigo = 2)
INSERT [dbo].[TipoIdentificacion] ([Codigo], [Nombre], [Acronimo]) VALUES (2, N'Cédula Extranjería', N'CE')
IF NOT EXISTS (SELECT Codigo FROM dbo.TipoIdentificacion WHERE Codigo = 3)
INSERT [dbo].[TipoIdentificacion] ([Codigo], [Nombre], [Acronimo]) VALUES (3, N'Pasaporte', N'PA')
IF NOT EXISTS (SELECT Codigo FROM dbo.TipoIdentificacion WHERE Codigo = 4)
INSERT [dbo].[TipoIdentificacion] ([Codigo], [Nombre], [Acronimo]) VALUES (4, N'Nit', N'Nit')
SET IDENTITY_INSERT [dbo].[TipoIdentificacion] OFF


SET IDENTITY_INSERT [dbo].[Persona] ON 
IF NOT EXISTS (SELECT Codigo FROM dbo.Persona WHERE Codigo = 118)
INSERT [dbo].[Persona] ([Codigo], [CodigoTipoIdentificacion], [Identificacion], [Nombres], [Apellidos], [CorreoElectronico], [Celular]) VALUES (118, 1, N'75989659', N'Juan Carlos', N'Moreno', N'jmoreno@personal.com', CAST(3214154787 AS Numeric(10, 0)))
IF NOT EXISTS (SELECT Codigo FROM dbo.Persona WHERE Codigo = 119)
INSERT [dbo].[Persona] ([Codigo], [CodigoTipoIdentificacion], [Identificacion], [Nombres], [Apellidos], [CorreoElectronico], [Celular]) VALUES (119, 1, N'96857144', N'Gustavo', N'Moreno', N'gmoreno@personal.com', CAST(3515112444 AS Numeric(10, 0)))
IF NOT EXISTS (SELECT Codigo FROM dbo.Persona WHERE Codigo = 120)
INSERT [dbo].[Persona] ([Codigo], [CodigoTipoIdentificacion], [Identificacion], [Nombres], [Apellidos], [CorreoElectronico], [Celular]) VALUES (120, 1, N'75989658', N'Pablo Andrés', N'Díaz Patiño', N'adiaz@personal.com', CAST(3135467599 AS Numeric(10, 0)))
IF NOT EXISTS (SELECT Codigo FROM dbo.Persona WHERE Codigo = 121)
INSERT [dbo].[Persona] ([Codigo], [CodigoTipoIdentificacion], [Identificacion], [Nombres], [Apellidos], [CorreoElectronico], [Celular]) VALUES (121, 2, N'V123456', N'Armando', N'Londoño', N'alondono@personal.com', CAST(3124567891 AS Numeric(10, 0)))
IF NOT EXISTS (SELECT Codigo FROM dbo.Persona WHERE Codigo = 122)
INSERT [dbo].[Persona] ([Codigo], [CodigoTipoIdentificacion], [Identificacion], [Nombres], [Apellidos], [CorreoElectronico], [Celular]) VALUES (122, 3, N'ABS-5845', N'Juan Carlos', N'Arbelaez Rojas', N'jarbelaez@personal.com', CAST(3114561472 AS Numeric(10, 0)))
IF NOT EXISTS (SELECT Codigo FROM dbo.Persona WHERE Codigo = 123)
INSERT [dbo].[Persona] ([Codigo], [CodigoTipoIdentificacion], [Identificacion], [Nombres], [Apellidos], [CorreoElectronico], [Celular]) VALUES (123, 1, N'1094902555', N'dffgdvb', N'terrtetr', N'sgfsf@correo.com', CAST(3165425959 AS Numeric(10, 0)))
IF NOT EXISTS (SELECT Codigo FROM dbo.Persona WHERE Codigo = 124)
INSERT [dbo].[Persona] ([Codigo], [CodigoTipoIdentificacion], [Identificacion], [Nombres], [Apellidos], [CorreoElectronico], [Celular]) VALUES (124, 1, N'1035914987', N'Zacarias', N'Piedras', N'zp@personal.com', CAST(3152142557 AS Numeric(10, 0)))
IF NOT EXISTS (SELECT Codigo FROM dbo.Persona WHERE Codigo = 125)
INSERT [dbo].[Persona] ([Codigo], [CodigoTipoIdentificacion], [Identificacion], [Nombres], [Apellidos], [CorreoElectronico], [Celular]) VALUES (125, 1, N'1035914782', N'Jose Jaime', N'Perez', N'rr@personal.com', CAST(3000111054 AS Numeric(10, 0)))
IF NOT EXISTS (SELECT Codigo FROM dbo.Persona WHERE Codigo = 126)
INSERT [dbo].[Persona] ([Codigo], [CodigoTipoIdentificacion], [Identificacion], [Nombres], [Apellidos], [CorreoElectronico], [Celular]) VALUES (126, 1, N'1040547877', N'Camilo', N'Gutierrez', N'admon1@personal.com', CAST(3150111244 AS Numeric(10, 0)))
IF NOT EXISTS (SELECT Codigo FROM dbo.Persona WHERE Codigo = 127)
INSERT [dbo].[Persona] ([Codigo], [CodigoTipoIdentificacion], [Identificacion], [Nombres], [Apellidos], [CorreoElectronico], [Celular]) VALUES (127, 4, N'AP-12345', N'Nikolai', N'Polaski', N'nikol@correo.com', CAST(9898989 AS Numeric(10, 0)))
IF NOT EXISTS (SELECT Codigo FROM dbo.Persona WHERE Codigo = 128)
INSERT [dbo].[Persona] ([Codigo], [CodigoTipoIdentificacion], [Identificacion], [Nombres], [Apellidos], [CorreoElectronico], [Celular]) VALUES (128, 2, N'123456', N'Ramiro', N'Ramirez', N'ram@mail.com', CAST(3124545754 AS Numeric(10, 0)))
IF NOT EXISTS (SELECT Codigo FROM dbo.Persona WHERE Codigo = 129)
INSERT [dbo].[Persona] ([Codigo], [CodigoTipoIdentificacion], [Identificacion], [Nombres], [Apellidos], [CorreoElectronico], [Celular]) VALUES (129, 2, N'V1234567', N'Jose', N'Juarez', N'cond1@personal.com', CAST(3120451811 AS Numeric(10, 0)))
IF NOT EXISTS (SELECT Codigo FROM dbo.Persona WHERE Codigo = 130)
INSERT [dbo].[Persona] ([Codigo], [CodigoTipoIdentificacion], [Identificacion], [Nombres], [Apellidos], [CorreoElectronico], [Celular]) VALUES (130, 4, N'ABS-5845', N'Pedro', N'Perez', N'conductor@personal.com', CAST(3200895411 AS Numeric(10, 0)))
IF NOT EXISTS (SELECT Codigo FROM dbo.Persona WHERE Codigo = 131)
INSERT [dbo].[Persona] ([Codigo], [CodigoTipoIdentificacion], [Identificacion], [Nombres], [Apellidos], [CorreoElectronico], [Celular]) VALUES (131, 1, N'5252647', N'Vicente', N'Perez', N'vicente@personal.com', CAST(3124857881 AS Numeric(10, 0)))
IF NOT EXISTS (SELECT Codigo FROM dbo.Persona WHERE Codigo = 132)
INSERT [dbo].[Persona] ([Codigo], [CodigoTipoIdentificacion], [Identificacion], [Nombres], [Apellidos], [CorreoElectronico], [Celular]) VALUES (132, 1, N'1094965896', N'Brian', N'Tafur', N'tafur@correo.com', CAST(3174085236 AS Numeric(10, 0)))
IF NOT EXISTS (SELECT Codigo FROM dbo.Persona WHERE Codigo = 133)
INSERT [dbo].[Persona] ([Codigo], [CodigoTipoIdentificacion], [Identificacion], [Nombres], [Apellidos], [CorreoElectronico], [Celular]) VALUES (133, 1, N'1095368752', N'Sebastian', N'Morales', N'morales@correo.com', CAST(3154869529 AS Numeric(10, 0)))
IF NOT EXISTS (SELECT Codigo FROM dbo.Persona WHERE Codigo = 134)
INSERT [dbo].[Persona] ([Codigo], [CodigoTipoIdentificacion], [Identificacion], [Nombres], [Apellidos], [CorreoElectronico], [Celular]) VALUES (134, 1, N'7568123', N'Miguel', N'Tamayo', N'tamayo@correo.com', CAST(3108976542 AS Numeric(10, 0)))
IF NOT EXISTS (SELECT Codigo FROM dbo.Persona WHERE Codigo = 135)
INSERT [dbo].[Persona] ([Codigo], [CodigoTipoIdentificacion], [Identificacion], [Nombres], [Apellidos], [CorreoElectronico], [Celular]) VALUES (135, 1, N'7985632', N'Daniel', N'Henao', N'henao@correo.com', CAST(3218965471 AS Numeric(10, 0)))
IF NOT EXISTS (SELECT Codigo FROM dbo.Persona WHERE Codigo = 136)
INSERT [dbo].[Persona] ([Codigo], [CodigoTipoIdentificacion], [Identificacion], [Nombres], [Apellidos], [CorreoElectronico], [Celular]) VALUES (136, 1, N'7552986', N'Carlos', N'Montes', N'montes@correo.com', CAST(3166859878 AS Numeric(10, 0)))
IF NOT EXISTS (SELECT Codigo FROM dbo.Persona WHERE Codigo = 137)
INSERT [dbo].[Persona] ([Codigo], [CodigoTipoIdentificacion], [Identificacion], [Nombres], [Apellidos], [CorreoElectronico], [Celular]) VALUES (137, 2, N'vs1231', N'Olga', N'Londoño', N'lond@correo.com', CAST(6568978 AS Numeric(10, 0)))
IF NOT EXISTS (SELECT Codigo FROM dbo.Persona WHERE Codigo = 138)
INSERT [dbo].[Persona] ([Codigo], [CodigoTipoIdentificacion], [Identificacion], [Nombres], [Apellidos], [CorreoElectronico], [Celular]) VALUES (138, 3, N'POS4515', N'gsagfag', N'dgter', N'dgter@correo.com', CAST(64564512 AS Numeric(10, 0)))
IF NOT EXISTS (SELECT Codigo FROM dbo.Persona WHERE Codigo = 139)
INSERT [dbo].[Persona] ([Codigo], [CodigoTipoIdentificacion], [Identificacion], [Nombres], [Apellidos], [CorreoElectronico], [Celular]) VALUES (139, 4, N'985455225', N'ntrtngrf', N'fgjufgdg', N'fdgfdg@correo.com', CAST(985959595 AS Numeric(10, 0)))
IF NOT EXISTS (SELECT Codigo FROM dbo.Persona WHERE Codigo = 140)
INSERT [dbo].[Persona] ([Codigo], [CodigoTipoIdentificacion], [Identificacion], [Nombres], [Apellidos], [CorreoElectronico], [Celular]) VALUES (140, 4, N'989582584', N'plkoxcvcx', N'zxcxzszd', N'asdas@correo.com', CAST(65878585 AS Numeric(10, 0)))
IF NOT EXISTS (SELECT Codigo FROM dbo.Persona WHERE Codigo = 141)
INSERT [dbo].[Persona] ([Codigo], [CodigoTipoIdentificacion], [Identificacion], [Nombres], [Apellidos], [CorreoElectronico], [Celular]) VALUES (141, 3, N'n-545545', N'xcxvgd', N'xdfsdfs', N'dfsfds@correo.com', CAST(887895 AS Numeric(10, 0)))
IF NOT EXISTS (SELECT Codigo FROM dbo.Persona WHERE Codigo = 142)
INSERT [dbo].[Persona] ([Codigo], [CodigoTipoIdentificacion], [Identificacion], [Nombres], [Apellidos], [CorreoElectronico], [Celular]) VALUES (142, 1, N'6875225', N'cxbvn', N'sdsfcx', N'gsfgsf@correo.com', CAST(78878878 AS Numeric(10, 0)))
IF NOT EXISTS (SELECT Codigo FROM dbo.Persona WHERE Codigo = 143)
INSERT [dbo].[Persona] ([Codigo], [CodigoTipoIdentificacion], [Identificacion], [Nombres], [Apellidos], [CorreoElectronico], [Celular]) VALUES (143, 1, N'78485959', N'xcvngfs', N'qqewq', N'okoko@correo.com', CAST(8552 AS Numeric(10, 0)))
IF NOT EXISTS (SELECT Codigo FROM dbo.Persona WHERE Codigo = 144)
INSERT [dbo].[Persona] ([Codigo], [CodigoTipoIdentificacion], [Identificacion], [Nombres], [Apellidos], [CorreoElectronico], [Celular]) VALUES (144, 1, N'4128526665', N'hjkfhfr', N'kyrytrv', N'rr@personal.com', CAST(3251525 AS Numeric(10, 0)))
IF NOT EXISTS (SELECT Codigo FROM dbo.Persona WHERE Codigo = 145)
INSERT [dbo].[Persona] ([Codigo], [CodigoTipoIdentificacion], [Identificacion], [Nombres], [Apellidos], [CorreoElectronico], [Celular]) VALUES (145, 2, N'sas4548', N'gfhgfey', N'yrytye', N'dfsd@correo.com', CAST(321556562 AS Numeric(10, 0)))
IF NOT EXISTS (SELECT Codigo FROM dbo.Persona WHERE Codigo = 146)
INSERT [dbo].[Persona] ([Codigo], [CodigoTipoIdentificacion], [Identificacion], [Nombres], [Apellidos], [CorreoElectronico], [Celular]) VALUES (146, 2, N'res9898', N'gdhgfhd', N'jteye', N'bsrtw@correo.com', CAST(331252545 AS Numeric(10, 0)))
IF NOT EXISTS (SELECT Codigo FROM dbo.Persona WHERE Codigo = 147)
INSERT [dbo].[Persona] ([Codigo], [CodigoTipoIdentificacion], [Identificacion], [Nombres], [Apellidos], [CorreoElectronico], [Celular]) VALUES (147, 4, N'8659898', N'fbgbdvf', N'fd', N'fdsfds@correo.com', CAST(311556262 AS Numeric(10, 0)))
IF NOT EXISTS (SELECT Codigo FROM dbo.Persona WHERE Codigo = 148)
INSERT [dbo].[Persona] ([Codigo], [CodigoTipoIdentificacion], [Identificacion], [Nombres], [Apellidos], [CorreoElectronico], [Celular]) VALUES (148, 4, N'98752365', N'frytyte', N'kiil', N'sbfbr@correo.com', CAST(75825256 AS Numeric(10, 0)))
IF NOT EXISTS (SELECT Codigo FROM dbo.Persona WHERE Codigo = 149)
INSERT [dbo].[Persona] ([Codigo], [CodigoTipoIdentificacion], [Identificacion], [Nombres], [Apellidos], [CorreoElectronico], [Celular]) VALUES (149, 3, N'33265665', N'bvffgsf', N'wertrwt', N'tyer@correo.com', CAST(65592 AS Numeric(10, 0)))
IF NOT EXISTS (SELECT Codigo FROM dbo.Persona WHERE Codigo = 150)
INSERT [dbo].[Persona] ([Codigo], [CodigoTipoIdentificacion], [Identificacion], [Nombres], [Apellidos], [CorreoElectronico], [Celular]) VALUES (150, 3, N'545452', N'kufhfhgf', N'dfgjdgdh', N'bgfhe@correo.com', CAST(3158858 AS Numeric(10, 0)))
IF NOT EXISTS (SELECT Codigo FROM dbo.Persona WHERE Codigo = 151)
INSERT [dbo].[Persona] ([Codigo], [CodigoTipoIdentificacion], [Identificacion], [Nombres], [Apellidos], [CorreoElectronico], [Celular]) VALUES (151, 4, N'9872522626', N'reterter', N'uyuthhgfg', N'ghfhe@correo.com', CAST(31458595 AS Numeric(10, 0)))
IF NOT EXISTS (SELECT Codigo FROM dbo.Persona WHERE Codigo = 152)
INSERT [dbo].[Persona] ([Codigo], [CodigoTipoIdentificacion], [Identificacion], [Nombres], [Apellidos], [CorreoElectronico], [Celular]) VALUES (152, 1, N'198525566', N'dgdfgdf', N'rtuewew', N'hgeye@correo.com', CAST(316656 AS Numeric(10, 0)))
IF NOT EXISTS (SELECT Codigo FROM dbo.Persona WHERE Codigo = 153)
INSERT [dbo].[Persona] ([Codigo], [CodigoTipoIdentificacion], [Identificacion], [Nombres], [Apellidos], [CorreoElectronico], [Celular]) VALUES (153, 2, N'gfr458', N'sdsfdsd', N'sbvghg', N'yerrf@correo.com', CAST(3154655 AS Numeric(10, 0)))
IF NOT EXISTS (SELECT Codigo FROM dbo.Persona WHERE Codigo = 154)
INSERT [dbo].[Persona] ([Codigo], [CodigoTipoIdentificacion], [Identificacion], [Nombres], [Apellidos], [CorreoElectronico], [Celular]) VALUES (154, 1, N'9875564', N'yuyture', N'qeqeq', N'sdfsdb@correo.com', CAST(3129659565 AS Numeric(10, 0)))
IF NOT EXISTS (SELECT Codigo FROM dbo.Persona WHERE Codigo = 155)
INSERT [dbo].[Persona] ([Codigo], [CodigoTipoIdentificacion], [Identificacion], [Nombres], [Apellidos], [CorreoElectronico], [Celular]) VALUES (155, 1, N'76589633', N'eqesfs', N'ytyueg', N'sdfwe@correo.com', CAST(315645 AS Numeric(10, 0)))
IF NOT EXISTS (SELECT Codigo FROM dbo.Persona WHERE Codigo = 156)
INSERT [dbo].[Persona] ([Codigo], [CodigoTipoIdentificacion], [Identificacion], [Nombres], [Apellidos], [CorreoElectronico], [Celular]) VALUES (156, 1, N'3568978', N'cvdbvbd', N'bfghdhgd', N'wtrw@correo.com', CAST(3166556556 AS Numeric(10, 0)))
IF NOT EXISTS (SELECT Codigo FROM dbo.Persona WHERE Codigo = 157)
INSERT [dbo].[Persona] ([Codigo], [CodigoTipoIdentificacion], [Identificacion], [Nombres], [Apellidos], [CorreoElectronico], [Celular]) VALUES (157, 2, N'pos5455', N'sdfdscds', N'hyhhg', N'adas@correo.com', CAST(31254545 AS Numeric(10, 0)))
IF NOT EXISTS (SELECT Codigo FROM dbo.Persona WHERE Codigo = 158)
INSERT [dbo].[Persona] ([Codigo], [CodigoTipoIdentificacion], [Identificacion], [Nombres], [Apellidos], [CorreoElectronico], [Celular]) VALUES (158, 2, N'as9898', N'cdaeqe', N'juyjuj', N'sadasc@correo.com', CAST(31255488 AS Numeric(10, 0)))
IF NOT EXISTS (SELECT Codigo FROM dbo.Persona WHERE Codigo = 159)
INSERT [dbo].[Persona] ([Codigo], [CodigoTipoIdentificacion], [Identificacion], [Nombres], [Apellidos], [CorreoElectronico], [Celular]) VALUES (159, 3, N'9898959', N'ddafrg', N'gyhjhyj', N'ewa@correo.com', CAST(3215465646 AS Numeric(10, 0)))
IF NOT EXISTS (SELECT Codigo FROM dbo.Persona WHERE Codigo = 160)
INSERT [dbo].[Persona] ([Codigo], [CodigoTipoIdentificacion], [Identificacion], [Nombres], [Apellidos], [CorreoElectronico], [Celular]) VALUES (160, 4, N'65656654', N'daweed', N'gdtgt', N'fgdhd@correo.com', CAST(320565656 AS Numeric(10, 0)))
IF NOT EXISTS (SELECT Codigo FROM dbo.Persona WHERE Codigo = 161)
INSERT [dbo].[Persona] ([Codigo], [CodigoTipoIdentificacion], [Identificacion], [Nombres], [Apellidos], [CorreoElectronico], [Celular]) VALUES (161, 3, N'87888858', N'asdfegsds', N'jufjyyu', N'hgjfb@correo.com', CAST(3259898959 AS Numeric(10, 0)))
IF NOT EXISTS (SELECT Codigo FROM dbo.Persona WHERE Codigo = 162)
INSERT [dbo].[Persona] ([Codigo], [CodigoTipoIdentificacion], [Identificacion], [Nombres], [Apellidos], [CorreoElectronico], [Celular]) VALUES (162, 1, N'108989929', N'dsfrewfgf', N'hytfgtylo', N'ccvbc@correo.com', CAST(32154548 AS Numeric(10, 0)))
IF NOT EXISTS (SELECT Codigo FROM dbo.Persona WHERE Codigo = 163)
INSERT [dbo].[Persona] ([Codigo], [CodigoTipoIdentificacion], [Identificacion], [Nombres], [Apellidos], [CorreoElectronico], [Celular]) VALUES (163, 1, N'10686562662', N'dsfdbgfs', N'lolghjg', N'nbvcv@correo.com', CAST(3125458 AS Numeric(10, 0)))
IF NOT EXISTS (SELECT Codigo FROM dbo.Persona WHERE Codigo = 164)
INSERT [dbo].[Persona] ([Codigo], [CodigoTipoIdentificacion], [Identificacion], [Nombres], [Apellidos], [CorreoElectronico], [Celular]) VALUES (164, 4, N'9895959', N'dsfefdsd', N'pojmjb', N'xvxcf@correo.com', CAST(3125989898 AS Numeric(10, 0)))
IF NOT EXISTS (SELECT Codigo FROM dbo.Persona WHERE Codigo = 165)
INSERT [dbo].[Persona] ([Codigo], [CodigoTipoIdentificacion], [Identificacion], [Nombres], [Apellidos], [CorreoElectronico], [Celular]) VALUES (165, 4, N'9878948', N'dsewrefds', N'zsdafds', N'vxxdfc@correo.com', CAST(321545855 AS Numeric(10, 0)))
IF NOT EXISTS (SELECT Codigo FROM dbo.Persona WHERE Codigo = 166)
INSERT [dbo].[Persona] ([Codigo], [CodigoTipoIdentificacion], [Identificacion], [Nombres], [Apellidos], [CorreoElectronico], [Celular]) VALUES (166, 4, N'988595', N'segvds', N'gtryrt', N'xcsf@correo.com', CAST(32154848 AS Numeric(10, 0)))
IF NOT EXISTS (SELECT Codigo FROM dbo.Persona WHERE Codigo = 167)
INSERT [dbo].[Persona] ([Codigo], [CodigoTipoIdentificacion], [Identificacion], [Nombres], [Apellidos], [CorreoElectronico], [Celular]) VALUES (167, 1, N'1094902482', N'Brian', N'Tafur', N'tafur2401@gmail.com', CAST(3174028570 AS Numeric(10, 0)))
IF NOT EXISTS (SELECT Codigo FROM dbo.Persona WHERE Codigo = 168)
INSERT [dbo].[Persona] ([Codigo], [CodigoTipoIdentificacion], [Identificacion], [Nombres], [Apellidos], [CorreoElectronico], [Celular]) VALUES (168, 2, N'1094955586', N'Heider', N'Llanten', N'heiderllanten@hotmail.com', CAST(3128696231 AS Numeric(10, 0)))
IF NOT EXISTS (SELECT Codigo FROM dbo.Persona WHERE Codigo = 169)
INSERT [dbo].[Persona] ([Codigo], [CodigoTipoIdentificacion], [Identificacion], [Nombres], [Apellidos], [CorreoElectronico], [Celular]) VALUES (169, 3, N'10951006', N'Daniel', N'Henao', N'danielhenao22@outlook.com', CAST(3186055010 AS Numeric(10, 0)))
IF NOT EXISTS (SELECT Codigo FROM dbo.Persona WHERE Codigo = 170)
INSERT [dbo].[Persona] ([Codigo], [CodigoTipoIdentificacion], [Identificacion], [Nombres], [Apellidos], [CorreoElectronico], [Celular]) VALUES (170, 4, N'1094961742', N'Sebastian', N'Cardona', N'krdona-k44@hotmail.com', CAST(3225407042 AS Numeric(10, 0)))
IF NOT EXISTS (SELECT Codigo FROM dbo.Persona WHERE Codigo = 171)
INSERT [dbo].[Persona] ([Codigo], [CodigoTipoIdentificacion], [Identificacion], [Nombres], [Apellidos], [CorreoElectronico], [Celular]) VALUES (171, 1, N'1094909046', N'Juan', N'Garzon', N'jdgarzon64@misena.edu.co', CAST(3234901883 AS Numeric(10, 0)))
IF NOT EXISTS (SELECT Codigo FROM dbo.Persona WHERE Codigo = 172)
INSERT [dbo].[Persona] ([Codigo], [CodigoTipoIdentificacion], [Identificacion], [Nombres], [Apellidos], [CorreoElectronico], [Celular]) VALUES (172, 2, N'1113668936', N'Jhohanns', N'Villa', N'jhohannsvillavasquez@gmail.com', CAST(3226681004 AS Numeric(10, 0)))
IF NOT EXISTS (SELECT Codigo FROM dbo.Persona WHERE Codigo = 173)
INSERT [dbo].[Persona] ([Codigo], [CodigoTipoIdentificacion], [Identificacion], [Nombres], [Apellidos], [CorreoElectronico], [Celular]) VALUES (173, 2, N'1097405219', N'Lulo', N'Gears', N'giraldosoft@outlook.com', CAST(3207958643 AS Numeric(10, 0)))
SET IDENTITY_INSERT [dbo].[Persona] OFF


SET IDENTITY_INSERT [dbo].[LicenciaConduccion] ON 
IF NOT EXISTS (SELECT Codigo FROM dbo.LicenciaConduccion WHERE Codigo = 1)
INSERT [dbo].[LicenciaConduccion] ([Codigo], [Categoria], [Descripcion]) VALUES (1, N'B1', N'Automóviles, camperos, camionetas y microbuses de servicio particular')
IF NOT EXISTS (SELECT Codigo FROM dbo.LicenciaConduccion WHERE Codigo = 2)
INSERT [dbo].[LicenciaConduccion] ([Codigo], [Categoria], [Descripcion]) VALUES (2, N'B2', N'Camiones, rígidos, busetas y buses para el servicio particular')
IF NOT EXISTS (SELECT Codigo FROM dbo.LicenciaConduccion WHERE Codigo = 3)
INSERT [dbo].[LicenciaConduccion] ([Codigo], [Categoria], [Descripcion]) VALUES (3, N'B3', N'Vehículos articulados de servicio particular')
IF NOT EXISTS (SELECT Codigo FROM dbo.LicenciaConduccion WHERE Codigo = 4)
INSERT [dbo].[LicenciaConduccion] ([Codigo], [Categoria], [Descripcion]) VALUES (4, N'C1', N'Automóviles, camperos, camionetas y microbuses de servicio público')
IF NOT EXISTS (SELECT Codigo FROM dbo.LicenciaConduccion WHERE Codigo = 5)
INSERT [dbo].[LicenciaConduccion] ([Codigo], [Categoria], [Descripcion]) VALUES (5, N'C2', N'Camiones, rígidos, busetas y buses para el servicio público')
IF NOT EXISTS (SELECT Codigo FROM dbo.LicenciaConduccion WHERE Codigo = 6)
INSERT [dbo].[LicenciaConduccion] ([Codigo], [Categoria], [Descripcion]) VALUES (6, N'C3', N'Vehículos articulados para el servicio público')
SET IDENTITY_INSERT [dbo].[LicenciaConduccion] OFF


SET IDENTITY_INSERT [dbo].[Conductor] ON 
IF NOT EXISTS (SELECT Codigo FROM dbo.Conductor WHERE Codigo = 5)
INSERT [dbo].[Conductor] ([Codigo], [CodigoUsuario], [CodigoLicenciaConduccion]) VALUES (5, 118, 5)
IF NOT EXISTS (SELECT Codigo FROM dbo.Conductor WHERE Codigo = 6)
INSERT [dbo].[Conductor] ([Codigo], [CodigoUsuario], [CodigoLicenciaConduccion]) VALUES (6, 119, 5)
IF NOT EXISTS (SELECT Codigo FROM dbo.Conductor WHERE Codigo = 7)
INSERT [dbo].[Conductor] ([Codigo], [CodigoUsuario], [CodigoLicenciaConduccion]) VALUES (7, 120, 6)
IF NOT EXISTS (SELECT Codigo FROM dbo.Conductor WHERE Codigo = 8)
INSERT [dbo].[Conductor] ([Codigo], [CodigoUsuario], [CodigoLicenciaConduccion]) VALUES (8, 121, 6)
IF NOT EXISTS (SELECT Codigo FROM dbo.Conductor WHERE Codigo = 9)
INSERT [dbo].[Conductor] ([Codigo], [CodigoUsuario], [CodigoLicenciaConduccion]) VALUES (9, 122, 5)
IF NOT EXISTS (SELECT Codigo FROM dbo.Conductor WHERE Codigo = 10)
INSERT [dbo].[Conductor] ([Codigo], [CodigoUsuario], [CodigoLicenciaConduccion]) VALUES (10, 123, 5)
IF NOT EXISTS (SELECT Codigo FROM dbo.Conductor WHERE Codigo = 11)
INSERT [dbo].[Conductor] ([Codigo], [CodigoUsuario], [CodigoLicenciaConduccion]) VALUES (11, 124, 5)
IF NOT EXISTS (SELECT Codigo FROM dbo.Conductor WHERE Codigo = 12)
INSERT [dbo].[Conductor] ([Codigo], [CodigoUsuario], [CodigoLicenciaConduccion]) VALUES (12, 125, 6)
IF NOT EXISTS (SELECT Codigo FROM dbo.Conductor WHERE Codigo = 13)
INSERT [dbo].[Conductor] ([Codigo], [CodigoUsuario], [CodigoLicenciaConduccion]) VALUES (13, 126, 6)
IF NOT EXISTS (SELECT Codigo FROM dbo.Conductor WHERE Codigo = 14)
INSERT [dbo].[Conductor] ([Codigo], [CodigoUsuario], [CodigoLicenciaConduccion]) VALUES (14, 127, 5)
IF NOT EXISTS (SELECT Codigo FROM dbo.Conductor WHERE Codigo = 15)
INSERT [dbo].[Conductor] ([Codigo], [CodigoUsuario], [CodigoLicenciaConduccion]) VALUES (15, 128, 5)
IF NOT EXISTS (SELECT Codigo FROM dbo.Conductor WHERE Codigo = 16)
INSERT [dbo].[Conductor] ([Codigo], [CodigoUsuario], [CodigoLicenciaConduccion]) VALUES (16, 129, 6)
IF NOT EXISTS (SELECT Codigo FROM dbo.Conductor WHERE Codigo = 17)
INSERT [dbo].[Conductor] ([Codigo], [CodigoUsuario], [CodigoLicenciaConduccion]) VALUES (17, 122, 6)
IF NOT EXISTS (SELECT Codigo FROM dbo.Conductor WHERE Codigo = 18)
INSERT [dbo].[Conductor] ([Codigo], [CodigoUsuario], [CodigoLicenciaConduccion]) VALUES (18, 131, 6)
IF NOT EXISTS (SELECT Codigo FROM dbo.Conductor WHERE Codigo = 19)
INSERT [dbo].[Conductor] ([Codigo], [CodigoUsuario], [CodigoLicenciaConduccion]) VALUES (19, 132, 6)
IF NOT EXISTS (SELECT Codigo FROM dbo.Conductor WHERE Codigo = 20)
INSERT [dbo].[Conductor] ([Codigo], [CodigoUsuario], [CodigoLicenciaConduccion]) VALUES (20, 133, 5)
IF NOT EXISTS (SELECT Codigo FROM dbo.Conductor WHERE Codigo = 21)
INSERT [dbo].[Conductor] ([Codigo], [CodigoUsuario], [CodigoLicenciaConduccion]) VALUES (21, 134, 5)
IF NOT EXISTS (SELECT Codigo FROM dbo.Conductor WHERE Codigo = 22)
INSERT [dbo].[Conductor] ([Codigo], [CodigoUsuario], [CodigoLicenciaConduccion]) VALUES (22, 135, 6)
IF NOT EXISTS (SELECT Codigo FROM dbo.Conductor WHERE Codigo = 23)
INSERT [dbo].[Conductor] ([Codigo], [CodigoUsuario], [CodigoLicenciaConduccion]) VALUES (23, 136, 6)
IF NOT EXISTS (SELECT Codigo FROM dbo.Conductor WHERE Codigo = 24)
INSERT [dbo].[Conductor] ([Codigo], [CodigoUsuario], [CodigoLicenciaConduccion]) VALUES (24, 137, 6)
IF NOT EXISTS (SELECT Codigo FROM dbo.Conductor WHERE Codigo = 25)
INSERT [dbo].[Conductor] ([Codigo], [CodigoUsuario], [CodigoLicenciaConduccion]) VALUES (25, 138, 6)
IF NOT EXISTS (SELECT Codigo FROM dbo.Conductor WHERE Codigo = 26)
INSERT [dbo].[Conductor] ([Codigo], [CodigoUsuario], [CodigoLicenciaConduccion]) VALUES (26, 139, 5)
IF NOT EXISTS (SELECT Codigo FROM dbo.Conductor WHERE Codigo = 27)
INSERT [dbo].[Conductor] ([Codigo], [CodigoUsuario], [CodigoLicenciaConduccion]) VALUES (27, 140, 6)
IF NOT EXISTS (SELECT Codigo FROM dbo.Conductor WHERE Codigo = 28)
INSERT [dbo].[Conductor] ([Codigo], [CodigoUsuario], [CodigoLicenciaConduccion]) VALUES (28, 141, 5)
IF NOT EXISTS (SELECT Codigo FROM dbo.Conductor WHERE Codigo = 29)
INSERT [dbo].[Conductor] ([Codigo], [CodigoUsuario], [CodigoLicenciaConduccion]) VALUES (29, 142, 6)
IF NOT EXISTS (SELECT Codigo FROM dbo.Conductor WHERE Codigo = 30)
INSERT [dbo].[Conductor] ([Codigo], [CodigoUsuario], [CodigoLicenciaConduccion]) VALUES (30, 143, 6)
IF NOT EXISTS (SELECT Codigo FROM dbo.Conductor WHERE Codigo = 31)
INSERT [dbo].[Conductor] ([Codigo], [CodigoUsuario], [CodigoLicenciaConduccion]) VALUES (31, 144, 5)
IF NOT EXISTS (SELECT Codigo FROM dbo.Conductor WHERE Codigo = 32)
INSERT [dbo].[Conductor] ([Codigo], [CodigoUsuario], [CodigoLicenciaConduccion]) VALUES (32, 145, 6)
IF NOT EXISTS (SELECT Codigo FROM dbo.Conductor WHERE Codigo = 33)
INSERT [dbo].[Conductor] ([Codigo], [CodigoUsuario], [CodigoLicenciaConduccion]) VALUES (33, 146, 5)
IF NOT EXISTS (SELECT Codigo FROM dbo.Conductor WHERE Codigo = 34)
INSERT [dbo].[Conductor] ([Codigo], [CodigoUsuario], [CodigoLicenciaConduccion]) VALUES (34, 147, 5)
IF NOT EXISTS (SELECT Codigo FROM dbo.Conductor WHERE Codigo = 35)
INSERT [dbo].[Conductor] ([Codigo], [CodigoUsuario], [CodigoLicenciaConduccion]) VALUES (35, 148, 5)
IF NOT EXISTS (SELECT Codigo FROM dbo.Conductor WHERE Codigo = 36)
INSERT [dbo].[Conductor] ([Codigo], [CodigoUsuario], [CodigoLicenciaConduccion]) VALUES (36, 149, 6)
IF NOT EXISTS (SELECT Codigo FROM dbo.Conductor WHERE Codigo = 37)
INSERT [dbo].[Conductor] ([Codigo], [CodigoUsuario], [CodigoLicenciaConduccion]) VALUES (37, 150, 6)
IF NOT EXISTS (SELECT Codigo FROM dbo.Conductor WHERE Codigo = 38)
INSERT [dbo].[Conductor] ([Codigo], [CodigoUsuario], [CodigoLicenciaConduccion]) VALUES (38, 151, 6)
IF NOT EXISTS (SELECT Codigo FROM dbo.Conductor WHERE Codigo = 39)
INSERT [dbo].[Conductor] ([Codigo], [CodigoUsuario], [CodigoLicenciaConduccion]) VALUES (39, 123, 5)
IF NOT EXISTS (SELECT Codigo FROM dbo.Conductor WHERE Codigo = 40)
INSERT [dbo].[Conductor] ([Codigo], [CodigoUsuario], [CodigoLicenciaConduccion]) VALUES (40, 152, 6)
IF NOT EXISTS (SELECT Codigo FROM dbo.Conductor WHERE Codigo = 41)
INSERT [dbo].[Conductor] ([Codigo], [CodigoUsuario], [CodigoLicenciaConduccion]) VALUES (41, 153, 5)
IF NOT EXISTS (SELECT Codigo FROM dbo.Conductor WHERE Codigo = 42)
INSERT [dbo].[Conductor] ([Codigo], [CodigoUsuario], [CodigoLicenciaConduccion]) VALUES (42, 154, 6)
IF NOT EXISTS (SELECT Codigo FROM dbo.Conductor WHERE Codigo = 43)
INSERT [dbo].[Conductor] ([Codigo], [CodigoUsuario], [CodigoLicenciaConduccion]) VALUES (43, 155, 5)
IF NOT EXISTS (SELECT Codigo FROM dbo.Conductor WHERE Codigo = 44)
INSERT [dbo].[Conductor] ([Codigo], [CodigoUsuario], [CodigoLicenciaConduccion]) VALUES (44, 156, 6)
IF NOT EXISTS (SELECT Codigo FROM dbo.Conductor WHERE Codigo = 45)
INSERT [dbo].[Conductor] ([Codigo], [CodigoUsuario], [CodigoLicenciaConduccion]) VALUES (45, 157, 5)
IF NOT EXISTS (SELECT Codigo FROM dbo.Conductor WHERE Codigo = 46)
INSERT [dbo].[Conductor] ([Codigo], [CodigoUsuario], [CodigoLicenciaConduccion]) VALUES (46, 158, 5)
IF NOT EXISTS (SELECT Codigo FROM dbo.Conductor WHERE Codigo = 47)
INSERT [dbo].[Conductor] ([Codigo], [CodigoUsuario], [CodigoLicenciaConduccion]) VALUES (47, 159, 5)
IF NOT EXISTS (SELECT Codigo FROM dbo.Conductor WHERE Codigo = 48)
INSERT [dbo].[Conductor] ([Codigo], [CodigoUsuario], [CodigoLicenciaConduccion]) VALUES (48, 160, 6)
IF NOT EXISTS (SELECT Codigo FROM dbo.Conductor WHERE Codigo = 49)
INSERT [dbo].[Conductor] ([Codigo], [CodigoUsuario], [CodigoLicenciaConduccion]) VALUES (49, 161, 5)
IF NOT EXISTS (SELECT Codigo FROM dbo.Conductor WHERE Codigo = 50)
INSERT [dbo].[Conductor] ([Codigo], [CodigoUsuario], [CodigoLicenciaConduccion]) VALUES (50, 162, 5)
IF NOT EXISTS (SELECT Codigo FROM dbo.Conductor WHERE Codigo = 51)
INSERT [dbo].[Conductor] ([Codigo], [CodigoUsuario], [CodigoLicenciaConduccion]) VALUES (51, 163, 6)
IF NOT EXISTS (SELECT Codigo FROM dbo.Conductor WHERE Codigo = 52)
INSERT [dbo].[Conductor] ([Codigo], [CodigoUsuario], [CodigoLicenciaConduccion]) VALUES (52, 164, 6)
IF NOT EXISTS (SELECT Codigo FROM dbo.Conductor WHERE Codigo = 53)
INSERT [dbo].[Conductor] ([Codigo], [CodigoUsuario], [CodigoLicenciaConduccion]) VALUES (53, 165, 5)
IF NOT EXISTS (SELECT Codigo FROM dbo.Conductor WHERE Codigo = 54)
INSERT [dbo].[Conductor] ([Codigo], [CodigoUsuario], [CodigoLicenciaConduccion]) VALUES (54, 166, 6)
IF NOT EXISTS (SELECT Codigo FROM dbo.Conductor WHERE Codigo = 55)
INSERT [dbo].[Conductor] ([Codigo], [CodigoUsuario], [CodigoLicenciaConduccion]) VALUES (55, 170, 6)
IF NOT EXISTS (SELECT Codigo FROM dbo.Conductor WHERE Codigo = 56)
INSERT [dbo].[Conductor] ([Codigo], [CodigoUsuario], [CodigoLicenciaConduccion]) VALUES (56, 171, 6)
IF NOT EXISTS (SELECT Codigo FROM dbo.Conductor WHERE Codigo = 57)
INSERT [dbo].[Conductor] ([Codigo], [CodigoUsuario], [CodigoLicenciaConduccion]) VALUES (57, 172, 6)
IF NOT EXISTS (SELECT Codigo FROM dbo.Conductor WHERE Codigo = 58)
INSERT [dbo].[Conductor] ([Codigo], [CodigoUsuario], [CodigoLicenciaConduccion]) VALUES (58, 173, 5)
SET IDENTITY_INSERT [dbo].[Conductor] OFF

SET IDENTITY_INSERT [dbo].[Clasificacion] ON 
IF NOT EXISTS (SELECT Codigo FROM dbo.Clasificacion WHERE Codigo = 1)
INSERT [dbo].[Clasificacion] ([Codigo], [Nombre]) VALUES (1, N'Camión')
IF NOT EXISTS (SELECT Codigo FROM dbo.Clasificacion WHERE Codigo = 2)
INSERT [dbo].[Clasificacion] ([Codigo], [Nombre]) VALUES (2, N'Tractocamión')
IF NOT EXISTS (SELECT Codigo FROM dbo.Clasificacion WHERE Codigo = 3)
INSERT [dbo].[Clasificacion] ([Codigo], [Nombre]) VALUES (3, N'Remolque')
IF NOT EXISTS (SELECT Codigo FROM dbo.Clasificacion WHERE Codigo = 4)
INSERT [dbo].[Clasificacion] ([Codigo], [Nombre]) VALUES (4, N'Semiremolque')
IF NOT EXISTS (SELECT Codigo FROM dbo.Clasificacion WHERE Codigo = 5)
INSERT [dbo].[Clasificacion] ([Codigo], [Nombre]) VALUES (5, N'Remolque Balanceado')
SET IDENTITY_INSERT [dbo].[Clasificacion] OFF


SET IDENTITY_INSERT [dbo].[SubClasificacion] ON 
IF NOT EXISTS (SELECT Codigo FROM dbo.SubClasificacion WHERE Codigo = 1)
INSERT [dbo].[SubClasificacion] ([Codigo], [CodigoClasificacion], [Nombre]) VALUES (1, 1, N'Sencillo')
IF NOT EXISTS (SELECT Codigo FROM dbo.SubClasificacion WHERE Codigo = 2)
INSERT [dbo].[SubClasificacion] ([Codigo], [CodigoClasificacion], [Nombre]) VALUES (2, 1, N'Dobletroque')
IF NOT EXISTS (SELECT Codigo FROM dbo.SubClasificacion WHERE Codigo = 3)
INSERT [dbo].[SubClasificacion] ([Codigo], [CodigoClasificacion], [Nombre]) VALUES (3, 1, N'4 Manos')
IF NOT EXISTS (SELECT Codigo FROM dbo.SubClasificacion WHERE Codigo = 4)
INSERT [dbo].[SubClasificacion] ([Codigo], [CodigoClasificacion], [Nombre]) VALUES (4, 1, N'Camión con remolque')
IF NOT EXISTS (SELECT Codigo FROM dbo.SubClasificacion WHERE Codigo = 5)
INSERT [dbo].[SubClasificacion] ([Codigo], [CodigoClasificacion], [Nombre]) VALUES (5, 1, N'Camión con remolque balanceado')
IF NOT EXISTS (SELECT Codigo FROM dbo.SubClasificacion WHERE Codigo = 6)
INSERT [dbo].[SubClasificacion] ([Codigo], [CodigoClasificacion], [Nombre]) VALUES (6, 2, N'Tractocamión con semiremolque')
IF NOT EXISTS (SELECT Codigo FROM dbo.SubClasificacion WHERE Codigo = 7)
INSERT [dbo].[SubClasificacion] ([Codigo], [CodigoClasificacion], [Nombre]) VALUES (7, 3, N'Remolque')
SET IDENTITY_INSERT [dbo].[SubClasificacion] OFF


SET IDENTITY_INSERT [dbo].[Designacion] ON 
IF NOT EXISTS (SELECT Codigo FROM dbo.Designacion WHERE Codigo = 1)
INSERT [dbo].[Designacion] ([Codigo], [Configuracion], [CodigoSubClasificacion], [Descripcion], [EjesAutomotor], [EjesNoAutomotor], [AnchoMaximo], [AlturaMaxima], [LongitudMaxima], [PesoBrutoVehicular], [Tolerancia]) VALUES (1, N'2', 1, N'Camión de dos ejes', 2, 0, CAST(2.60 AS Decimal(5, 2)), CAST(4.40 AS Decimal(5, 2)), CAST(10.80 AS Decimal(5, 2)), CAST(16000 AS Numeric(8, 0)), CAST(400 AS Numeric(4, 0)))
IF NOT EXISTS (SELECT Codigo FROM dbo.Designacion WHERE Codigo = 2)
INSERT [dbo].[Designacion] ([Codigo], [Configuracion], [CodigoSubClasificacion], [Descripcion], [EjesAutomotor], [EjesNoAutomotor], [AnchoMaximo], [AlturaMaxima], [LongitudMaxima], [PesoBrutoVehicular], [Tolerancia]) VALUES (2, N'3', 2, N'Camión de tres ejes', 3, 0, CAST(2.60 AS Decimal(5, 2)), CAST(4.40 AS Decimal(5, 2)), CAST(12.20 AS Decimal(5, 2)), CAST(28000 AS Numeric(8, 0)), CAST(700 AS Numeric(4, 0)))
IF NOT EXISTS (SELECT Codigo FROM dbo.Designacion WHERE Codigo = 3)
INSERT [dbo].[Designacion] ([Codigo], [Configuracion], [CodigoSubClasificacion], [Descripcion], [EjesAutomotor], [EjesNoAutomotor], [AnchoMaximo], [AlturaMaxima], [LongitudMaxima], [PesoBrutoVehicular], [Tolerancia]) VALUES (3, N'4', 3, N'Camión de cuatro ejes', 4, 0, CAST(2.60 AS Decimal(5, 2)), CAST(4.40 AS Decimal(5, 2)), CAST(12.20 AS Decimal(5, 2)), CAST(36000 AS Numeric(8, 0)), CAST(900 AS Numeric(4, 0)))
IF NOT EXISTS (SELECT Codigo FROM dbo.Designacion WHERE Codigo = 4)
INSERT [dbo].[Designacion] ([Codigo], [Configuracion], [CodigoSubClasificacion], [Descripcion], [EjesAutomotor], [EjesNoAutomotor], [AnchoMaximo], [AlturaMaxima], [LongitudMaxima], [PesoBrutoVehicular], [Tolerancia]) VALUES (4, N'2S1', 6, N'Tractocamión de dos ejes con semiremolque de un eje', 2, 1, CAST(2.60 AS Decimal(5, 2)), CAST(4.40 AS Decimal(5, 2)), CAST(18.50 AS Decimal(5, 2)), CAST(27000 AS Numeric(8, 0)), CAST(657 AS Numeric(4, 0)))
IF NOT EXISTS (SELECT Codigo FROM dbo.Designacion WHERE Codigo = 5)
INSERT [dbo].[Designacion] ([Codigo], [Configuracion], [CodigoSubClasificacion], [Descripcion], [EjesAutomotor], [EjesNoAutomotor], [AnchoMaximo], [AlturaMaxima], [LongitudMaxima], [PesoBrutoVehicular], [Tolerancia]) VALUES (5, N'2S2', 6, N'Tractocamión de dos ejes con semiremolque de dos ejes', 2, 2, CAST(2.60 AS Decimal(5, 2)), CAST(4.40 AS Decimal(5, 2)), CAST(18.50 AS Decimal(5, 2)), CAST(32000 AS Numeric(8, 0)), CAST(800 AS Numeric(4, 0)))
IF NOT EXISTS (SELECT Codigo FROM dbo.Designacion WHERE Codigo = 6)
INSERT [dbo].[Designacion] ([Codigo], [Configuracion], [CodigoSubClasificacion], [Descripcion], [EjesAutomotor], [EjesNoAutomotor], [AnchoMaximo], [AlturaMaxima], [LongitudMaxima], [PesoBrutoVehicular], [Tolerancia]) VALUES (6, N'2S3', 6, N'Tractocamión de dos ejes con semiremolque de tres ejes', 2, 3, CAST(2.60 AS Decimal(5, 2)), CAST(4.40 AS Decimal(5, 2)), CAST(18.50 AS Decimal(5, 2)), CAST(40500 AS Numeric(8, 0)), CAST(1013 AS Numeric(4, 0)))
IF NOT EXISTS (SELECT Codigo FROM dbo.Designacion WHERE Codigo = 7)
INSERT [dbo].[Designacion] ([Codigo], [Configuracion], [CodigoSubClasificacion], [Descripcion], [EjesAutomotor], [EjesNoAutomotor], [AnchoMaximo], [AlturaMaxima], [LongitudMaxima], [PesoBrutoVehicular], [Tolerancia]) VALUES (7, N'3S1', 6, N'Tractocamión de tres ejes con semiremolque de un eje', 3, 1, CAST(2.60 AS Decimal(5, 2)), CAST(4.40 AS Decimal(5, 2)), CAST(18.50 AS Decimal(5, 2)), CAST(29000 AS Numeric(8, 0)), CAST(725 AS Numeric(4, 0)))
IF NOT EXISTS (SELECT Codigo FROM dbo.Designacion WHERE Codigo = 8)
INSERT [dbo].[Designacion] ([Codigo], [Configuracion], [CodigoSubClasificacion], [Descripcion], [EjesAutomotor], [EjesNoAutomotor], [AnchoMaximo], [AlturaMaxima], [LongitudMaxima], [PesoBrutoVehicular], [Tolerancia]) VALUES (8, N'3S2', 6, N'Tractocamión de dos ejes con semiremolque de dos ejes', 3, 2, CAST(2.60 AS Decimal(5, 2)), CAST(4.40 AS Decimal(5, 2)), CAST(18.50 AS Decimal(5, 2)), CAST(48000 AS Numeric(8, 0)), CAST(800 AS Numeric(4, 0)))
IF NOT EXISTS (SELECT Codigo FROM dbo.Designacion WHERE Codigo = 9)
INSERT [dbo].[Designacion] ([Codigo], [Configuracion], [CodigoSubClasificacion], [Descripcion], [EjesAutomotor], [EjesNoAutomotor], [AnchoMaximo], [AlturaMaxima], [LongitudMaxima], [PesoBrutoVehicular], [Tolerancia]) VALUES (9, N'3S3', 6, N'Tractocamión de dos ejes con semiremolque de tres ejes', 3, 3, CAST(2.60 AS Decimal(5, 2)), CAST(4.40 AS Decimal(5, 2)), CAST(18.50 AS Decimal(5, 2)), CAST(52000 AS Numeric(8, 0)), CAST(1013 AS Numeric(4, 0)))
IF NOT EXISTS (SELECT Codigo FROM dbo.Designacion WHERE Codigo = 10)
INSERT [dbo].[Designacion] ([Codigo], [Configuracion], [CodigoSubClasificacion], [Descripcion], [EjesAutomotor], [EjesNoAutomotor], [AnchoMaximo], [AlturaMaxima], [LongitudMaxima], [PesoBrutoVehicular], [Tolerancia]) VALUES (10, N'R2', 7, N'Remolque de dos ejes', 0, 2, CAST(2.60 AS Decimal(5, 2)), CAST(4.40 AS Decimal(5, 2)), CAST(10.00 AS Decimal(5, 2)), CAST(16000 AS Numeric(8, 0)), CAST(400 AS Numeric(4, 0)))
IF NOT EXISTS (SELECT Codigo FROM dbo.Designacion WHERE Codigo = 11)
INSERT [dbo].[Designacion] ([Codigo], [Configuracion], [CodigoSubClasificacion], [Descripcion], [EjesAutomotor], [EjesNoAutomotor], [AnchoMaximo], [AlturaMaxima], [LongitudMaxima], [PesoBrutoVehicular], [Tolerancia]) VALUES (11, N'2R2', 4, N'Camión de dos ejes con remolque de dos ejes', 2, 2, CAST(2.60 AS Decimal(5, 2)), CAST(4.40 AS Decimal(5, 2)), CAST(18.50 AS Decimal(5, 2)), CAST(31000 AS Numeric(8, 0)), CAST(775 AS Numeric(4, 0)))
IF NOT EXISTS (SELECT Codigo FROM dbo.Designacion WHERE Codigo = 12)
INSERT [dbo].[Designacion] ([Codigo], [Configuracion], [CodigoSubClasificacion], [Descripcion], [EjesAutomotor], [EjesNoAutomotor], [AnchoMaximo], [AlturaMaxima], [LongitudMaxima], [PesoBrutoVehicular], [Tolerancia]) VALUES (12, N'2R3', 4, N'Camión de dos ejes con remolque de tres ejes', 2, 3, CAST(2.60 AS Decimal(5, 2)), CAST(4.40 AS Decimal(5, 2)), CAST(18.50 AS Decimal(5, 2)), CAST(47000 AS Numeric(8, 0)), CAST(1175 AS Numeric(4, 0)))
IF NOT EXISTS (SELECT Codigo FROM dbo.Designacion WHERE Codigo = 13)
INSERT [dbo].[Designacion] ([Codigo], [Configuracion], [CodigoSubClasificacion], [Descripcion], [EjesAutomotor], [EjesNoAutomotor], [AnchoMaximo], [AlturaMaxima], [LongitudMaxima], [PesoBrutoVehicular], [Tolerancia]) VALUES (13, N'3R2', 4, N'Camión de tres ejes con remolque de dos ejes', 3, 2, CAST(2.60 AS Decimal(5, 2)), CAST(4.40 AS Decimal(5, 2)), CAST(18.50 AS Decimal(5, 2)), CAST(44000 AS Numeric(8, 0)), CAST(1100 AS Numeric(4, 0)))
IF NOT EXISTS (SELECT Codigo FROM dbo.Designacion WHERE Codigo = 14)
INSERT [dbo].[Designacion] ([Codigo], [Configuracion], [CodigoSubClasificacion], [Descripcion], [EjesAutomotor], [EjesNoAutomotor], [AnchoMaximo], [AlturaMaxima], [LongitudMaxima], [PesoBrutoVehicular], [Tolerancia]) VALUES (14, N'3R3', 4, N'Camión de tres ejes con remolque de tres ejes', 3, 3, CAST(2.60 AS Decimal(5, 2)), CAST(4.40 AS Decimal(5, 2)), CAST(18.50 AS Decimal(5, 2)), CAST(48000 AS Numeric(8, 0)), CAST(1200 AS Numeric(4, 0)))
IF NOT EXISTS (SELECT Codigo FROM dbo.Designacion WHERE Codigo = 15)
INSERT [dbo].[Designacion] ([Codigo], [Configuracion], [CodigoSubClasificacion], [Descripcion], [EjesAutomotor], [EjesNoAutomotor], [AnchoMaximo], [AlturaMaxima], [LongitudMaxima], [PesoBrutoVehicular], [Tolerancia]) VALUES (15, N'4R2', 4, N'Camión de cuatro ejes con remolque de dos ejes', 4, 2, CAST(2.60 AS Decimal(5, 2)), CAST(4.40 AS Decimal(5, 2)), CAST(18.50 AS Decimal(5, 2)), CAST(48000 AS Numeric(8, 0)), CAST(1200 AS Numeric(4, 0)))
IF NOT EXISTS (SELECT Codigo FROM dbo.Designacion WHERE Codigo = 16)
INSERT [dbo].[Designacion] ([Codigo], [Configuracion], [CodigoSubClasificacion], [Descripcion], [EjesAutomotor], [EjesNoAutomotor], [AnchoMaximo], [AlturaMaxima], [LongitudMaxima], [PesoBrutoVehicular], [Tolerancia]) VALUES (16, N'4R3', 4, N'Camión de cuatro ejes con remolque de tres ejes', 4, 3, CAST(2.60 AS Decimal(5, 2)), CAST(4.40 AS Decimal(5, 2)), CAST(18.50 AS Decimal(5, 2)), CAST(48000 AS Numeric(8, 0)), CAST(1200 AS Numeric(4, 0)))
IF NOT EXISTS (SELECT Codigo FROM dbo.Designacion WHERE Codigo = 17)
INSERT [dbo].[Designacion] ([Codigo], [Configuracion], [CodigoSubClasificacion], [Descripcion], [EjesAutomotor], [EjesNoAutomotor], [AnchoMaximo], [AlturaMaxima], [LongitudMaxima], [PesoBrutoVehicular], [Tolerancia]) VALUES (17, N'4R4', 4, N'Camión de cuatro ejes con remolque de cuatro ejes', 4, 4, CAST(2.60 AS Decimal(5, 2)), CAST(4.40 AS Decimal(5, 2)), CAST(18.50 AS Decimal(5, 2)), CAST(48000 AS Numeric(8, 0)), CAST(1200 AS Numeric(4, 0)))
IF NOT EXISTS (SELECT Codigo FROM dbo.Designacion WHERE Codigo = 18)
INSERT [dbo].[Designacion] ([Codigo], [Configuracion], [CodigoSubClasificacion], [Descripcion], [EjesAutomotor], [EjesNoAutomotor], [AnchoMaximo], [AlturaMaxima], [LongitudMaxima], [PesoBrutoVehicular], [Tolerancia]) VALUES (18, N'2B1', 5, N'Camión de dos ejes con remolque balancin de un eje', 2, 1, CAST(2.60 AS Decimal(5, 2)), CAST(4.40 AS Decimal(5, 2)), CAST(18.50 AS Decimal(5, 2)), CAST(25000 AS Numeric(8, 0)), CAST(625 AS Numeric(4, 0)))
IF NOT EXISTS (SELECT Codigo FROM dbo.Designacion WHERE Codigo = 19)
INSERT [dbo].[Designacion] ([Codigo], [Configuracion], [CodigoSubClasificacion], [Descripcion], [EjesAutomotor], [EjesNoAutomotor], [AnchoMaximo], [AlturaMaxima], [LongitudMaxima], [PesoBrutoVehicular], [Tolerancia]) VALUES (19, N'2B2', 5, N'Camión de dos ejes con remolque balancin de dos ejes', 2, 2, CAST(2.60 AS Decimal(5, 2)), CAST(4.40 AS Decimal(5, 2)), CAST(18.50 AS Decimal(5, 2)), CAST(32000 AS Numeric(8, 0)), CAST(800 AS Numeric(4, 0)))
IF NOT EXISTS (SELECT Codigo FROM dbo.Designacion WHERE Codigo = 20)
INSERT [dbo].[Designacion] ([Codigo], [Configuracion], [CodigoSubClasificacion], [Descripcion], [EjesAutomotor], [EjesNoAutomotor], [AnchoMaximo], [AlturaMaxima], [LongitudMaxima], [PesoBrutoVehicular], [Tolerancia]) VALUES (20, N'2B3', 5, N'Camión de dos ejes con remolque balancin de tres ejes', 2, 3, CAST(2.60 AS Decimal(5, 2)), CAST(4.40 AS Decimal(5, 2)), CAST(18.50 AS Decimal(5, 2)), CAST(32000 AS Numeric(8, 0)), CAST(800 AS Numeric(4, 0)))
IF NOT EXISTS (SELECT Codigo FROM dbo.Designacion WHERE Codigo = 21)
INSERT [dbo].[Designacion] ([Codigo], [Configuracion], [CodigoSubClasificacion], [Descripcion], [EjesAutomotor], [EjesNoAutomotor], [AnchoMaximo], [AlturaMaxima], [LongitudMaxima], [PesoBrutoVehicular], [Tolerancia]) VALUES (21, N'3B1', 5, N'Camión de tres ejes con remolque balancin de un eje', 3, 1, CAST(2.60 AS Decimal(5, 2)), CAST(4.40 AS Decimal(5, 2)), CAST(18.50 AS Decimal(5, 2)), CAST(33000 AS Numeric(8, 0)), CAST(825 AS Numeric(4, 0)))
IF NOT EXISTS (SELECT Codigo FROM dbo.Designacion WHERE Codigo = 22)
INSERT [dbo].[Designacion] ([Codigo], [Configuracion], [CodigoSubClasificacion], [Descripcion], [EjesAutomotor], [EjesNoAutomotor], [AnchoMaximo], [AlturaMaxima], [LongitudMaxima], [PesoBrutoVehicular], [Tolerancia]) VALUES (22, N'3B2', 5, N'Camión de tres ejes con remolque balancin de dos ejes', 3, 2, CAST(2.60 AS Decimal(5, 2)), CAST(4.40 AS Decimal(5, 2)), CAST(18.50 AS Decimal(5, 2)), CAST(40000 AS Numeric(8, 0)), CAST(1000 AS Numeric(4, 0)))
IF NOT EXISTS (SELECT Codigo FROM dbo.Designacion WHERE Codigo = 23)
INSERT [dbo].[Designacion] ([Codigo], [Configuracion], [CodigoSubClasificacion], [Descripcion], [EjesAutomotor], [EjesNoAutomotor], [AnchoMaximo], [AlturaMaxima], [LongitudMaxima], [PesoBrutoVehicular], [Tolerancia]) VALUES (23, N'3B3', 5, N'Camión de tres ejes con remolque balancin de tres ejes', 3, 3, CAST(2.60 AS Decimal(5, 2)), CAST(4.40 AS Decimal(5, 2)), CAST(18.50 AS Decimal(5, 2)), CAST(48000 AS Numeric(8, 0)), CAST(1200 AS Numeric(4, 0)))
IF NOT EXISTS (SELECT Codigo FROM dbo.Designacion WHERE Codigo = 24)
INSERT [dbo].[Designacion] ([Codigo], [Configuracion], [CodigoSubClasificacion], [Descripcion], [EjesAutomotor], [EjesNoAutomotor], [AnchoMaximo], [AlturaMaxima], [LongitudMaxima], [PesoBrutoVehicular], [Tolerancia]) VALUES (24, N'4B1', 5, N'Camión de cuatro ejes con remolque balancin de un eje', 4, 1, CAST(2.60 AS Decimal(5, 2)), CAST(4.40 AS Decimal(5, 2)), CAST(18.50 AS Decimal(5, 2)), CAST(1 AS Numeric(8, 0)), CAST(1 AS Numeric(4, 0)))
IF NOT EXISTS (SELECT Codigo FROM dbo.Designacion WHERE Codigo = 25)
INSERT [dbo].[Designacion] ([Codigo], [Configuracion], [CodigoSubClasificacion], [Descripcion], [EjesAutomotor], [EjesNoAutomotor], [AnchoMaximo], [AlturaMaxima], [LongitudMaxima], [PesoBrutoVehicular], [Tolerancia]) VALUES (25, N'4B2', 5, N'Camión de cuatro ejes con remolque balancin de dos ejes', 4, 2, CAST(2.60 AS Decimal(5, 2)), CAST(4.40 AS Decimal(5, 2)), CAST(18.50 AS Decimal(5, 2)), CAST(1 AS Numeric(8, 0)), CAST(1 AS Numeric(4, 0)))
IF NOT EXISTS (SELECT Codigo FROM dbo.Designacion WHERE Codigo = 26)
INSERT [dbo].[Designacion] ([Codigo], [Configuracion], [CodigoSubClasificacion], [Descripcion], [EjesAutomotor], [EjesNoAutomotor], [AnchoMaximo], [AlturaMaxima], [LongitudMaxima], [PesoBrutoVehicular], [Tolerancia]) VALUES (26, N'4B3', 5, N'Camión de cuatro ejes con remolque balancin de tres ejes', 4, 3, CAST(2.60 AS Decimal(5, 2)), CAST(4.40 AS Decimal(5, 2)), CAST(18.50 AS Decimal(5, 2)), CAST(1 AS Numeric(8, 0)), CAST(1 AS Numeric(4, 0)))
SET IDENTITY_INSERT [dbo].[Designacion] OFF


SET IDENTITY_INSERT [dbo].[TipoCarroceria] ON 
IF NOT EXISTS (SELECT Codigo FROM dbo.TipoCarroceria WHERE Codigo = 1)
INSERT [dbo].[TipoCarroceria] ([Codigo], [Nombre]) VALUES (1, N'Furgón')
IF NOT EXISTS (SELECT Codigo FROM dbo.TipoCarroceria WHERE Codigo = 2)
INSERT [dbo].[TipoCarroceria] ([Codigo], [Nombre]) VALUES (2, N'Tanque')
IF NOT EXISTS (SELECT Codigo FROM dbo.TipoCarroceria WHERE Codigo = 3)
INSERT [dbo].[TipoCarroceria] ([Codigo], [Nombre]) VALUES (3, N'Volqueta')
IF NOT EXISTS (SELECT Codigo FROM dbo.TipoCarroceria WHERE Codigo = 4)
INSERT [dbo].[TipoCarroceria] ([Codigo], [Nombre]) VALUES (4, N'Platón')
IF NOT EXISTS (SELECT Codigo FROM dbo.TipoCarroceria WHERE Codigo = 5)
INSERT [dbo].[TipoCarroceria] ([Codigo], [Nombre]) VALUES (5, N'Hormigonero')
IF NOT EXISTS (SELECT Codigo FROM dbo.TipoCarroceria WHERE Codigo = 6)
INSERT [dbo].[TipoCarroceria] ([Codigo], [Nombre]) VALUES (6, N'Portacontenedor')
IF NOT EXISTS (SELECT Codigo FROM dbo.TipoCarroceria WHERE Codigo = 7)
INSERT [dbo].[TipoCarroceria] ([Codigo], [Nombre]) VALUES (7, N'Estibas')
IF NOT EXISTS (SELECT Codigo FROM dbo.TipoCarroceria WHERE Codigo = 8)
INSERT [dbo].[TipoCarroceria] ([Codigo], [Nombre]) VALUES (8, N'Tolva')
IF NOT EXISTS (SELECT Codigo FROM dbo.TipoCarroceria WHERE Codigo = 9)
INSERT [dbo].[TipoCarroceria] ([Codigo], [Nombre]) VALUES (9, N'Camabaja')
IF NOT EXISTS (SELECT Codigo FROM dbo.TipoCarroceria WHERE Codigo = 10)
INSERT [dbo].[TipoCarroceria] ([Codigo], [Nombre]) VALUES (10, N'Plataforma escualizable')
IF NOT EXISTS (SELECT Codigo FROM dbo.TipoCarroceria WHERE Codigo = 11)
INSERT [dbo].[TipoCarroceria] ([Codigo], [Nombre]) VALUES (11, N'Niñera')
IF NOT EXISTS (SELECT Codigo FROM dbo.TipoCarroceria WHERE Codigo = 12)
INSERT [dbo].[TipoCarroceria] ([Codigo], [Nombre]) VALUES (12, N'Plataforma o planchón - Estacas metálicas')
IF NOT EXISTS (SELECT Codigo FROM dbo.TipoCarroceria WHERE Codigo = 13)
INSERT [dbo].[TipoCarroceria] ([Codigo], [Nombre]) VALUES (13, N'Plataforma o planchón - Estacas de madera')
IF NOT EXISTS (SELECT Codigo FROM dbo.TipoCarroceria WHERE Codigo = 14)
INSERT [dbo].[TipoCarroceria] ([Codigo], [Nombre]) VALUES (14, N'Plataforma o planchón - Estibas')
IF NOT EXISTS (SELECT Codigo FROM dbo.TipoCarroceria WHERE Codigo = 15)
INSERT [dbo].[TipoCarroceria] ([Codigo], [Nombre]) VALUES (15, N'Plataforma o planchón - Modular')
IF NOT EXISTS (SELECT Codigo FROM dbo.TipoCarroceria WHERE Codigo = 16)
INSERT [dbo].[TipoCarroceria] ([Codigo], [Nombre]) VALUES (16, N'Plataforma o planchón - Planchon con grúa autocargable')
IF NOT EXISTS (SELECT Codigo FROM dbo.TipoCarroceria WHERE Codigo = 17)
INSERT [dbo].[TipoCarroceria] ([Codigo], [Nombre]) VALUES (17, N'Plataforma o planchón - Estructura para transporte de vidrio')
IF NOT EXISTS (SELECT Codigo FROM dbo.TipoCarroceria WHERE Codigo = 18)
INSERT [dbo].[TipoCarroceria] ([Codigo], [Nombre]) VALUES (18, N'Plataforma o planchón - Cañero')
IF NOT EXISTS (SELECT Codigo FROM dbo.TipoCarroceria WHERE Codigo = 19)
INSERT [dbo].[TipoCarroceria] ([Codigo], [Nombre]) VALUES (19, N'Plataforma o planchón - Reparto')
IF NOT EXISTS (SELECT Codigo FROM dbo.TipoCarroceria WHERE Codigo = 20)
INSERT [dbo].[TipoCarroceria] ([Codigo], [Nombre]) VALUES (20, N'Plataforma o planchón - Con equipo especial')
SET IDENTITY_INSERT [dbo].[TipoCarroceria] OFF


SET IDENTITY_INSERT [dbo].[TipoCarga] ON 
IF NOT EXISTS (SELECT Codigo FROM dbo.TipoCarga WHERE Codigo = 1)
INSERT [dbo].[TipoCarga] ([Codigo], [Nombre]) VALUES (1, N'Carga Seca')
IF NOT EXISTS (SELECT Codigo FROM dbo.TipoCarga WHERE Codigo = 2)
INSERT [dbo].[TipoCarga] ([Codigo], [Nombre]) VALUES (2, N'Liquidos Peligrosos')
IF NOT EXISTS (SELECT Codigo FROM dbo.TipoCarga WHERE Codigo = 3)
INSERT [dbo].[TipoCarga] ([Codigo], [Nombre]) VALUES (3, N'Granel - Estacas')
IF NOT EXISTS (SELECT Codigo FROM dbo.TipoCarga WHERE Codigo = 4)
INSERT [dbo].[TipoCarga] ([Codigo], [Nombre]) VALUES (4, N'Granel - Refrigerado')
IF NOT EXISTS (SELECT Codigo FROM dbo.TipoCarga WHERE Codigo = 5)
INSERT [dbo].[TipoCarga] ([Codigo], [Nombre]) VALUES (5, N'Granel - Volqueta')
IF NOT EXISTS (SELECT Codigo FROM dbo.TipoCarga WHERE Codigo = 6)
INSERT [dbo].[TipoCarga] ([Codigo], [Nombre]) VALUES (6, N'Granel - Tolva')
IF NOT EXISTS (SELECT Codigo FROM dbo.TipoCarga WHERE Codigo = 7)
INSERT [dbo].[TipoCarga] ([Codigo], [Nombre]) VALUES (7, N'Cama Baja')
IF NOT EXISTS (SELECT Codigo FROM dbo.TipoCarga WHERE Codigo = 8)
INSERT [dbo].[TipoCarga] ([Codigo], [Nombre]) VALUES (8, N'Maquinaria Pesada')
IF NOT EXISTS (SELECT Codigo FROM dbo.TipoCarga WHERE Codigo = 9)
INSERT [dbo].[TipoCarga] ([Codigo], [Nombre]) VALUES (9, N'Vehiculos')
SET IDENTITY_INSERT [dbo].[TipoCarga] OFF


SET IDENTITY_INSERT [dbo].[Vehiculo] ON 
IF NOT EXISTS (SELECT Codigo FROM dbo.Vehiculo WHERE Codigo = 5)
INSERT [dbo].[Vehiculo] ([Codigo], [Placa], [Marca], [Linea], [Modelo], [CodigoPropietario], [CodigoAdministrador], [CodigoConductor], [CodigoDesignacion], [PlacaRemolque], [MarcaRemolque], [LineaCarroceria], [ModeloCarroceria], [CodigoTipoCarroceria], [CodigoTipoCarga], [CapacidadCarga], [CapacidadVolumetrica], [Largo], [Ancho], [Alto]) VALUES (5, N'ABC-123', N'Chevrolet', N'NKR', CAST(1998 AS Numeric(4, 0)), 118, 118, 5, 1, N'S4565', N'ROMARCO', N'I45', N'1996', 13, 1, CAST(4.50 AS Decimal(5, 2)), CAST(21.50 AS Decimal(5, 2)), CAST(4.50 AS Decimal(5, 2)), CAST(2.20 AS Decimal(5, 2)), CAST(2.20 AS Decimal(5, 2)))
IF NOT EXISTS (SELECT Codigo FROM dbo.Vehiculo WHERE Codigo = 6)
INSERT [dbo].[Vehiculo] ([Codigo], [Placa], [Marca], [Linea], [Modelo], [CodigoPropietario], [CodigoAdministrador], [CodigoConductor], [CodigoDesignacion], [PlacaRemolque], [MarcaRemolque], [LineaCarroceria], [ModeloCarroceria], [CodigoTipoCarroceria], [CodigoTipoCarga], [CapacidadCarga], [CapacidadVolumetrica], [Largo], [Ancho], [Alto]) VALUES (6, N'DEF-456', N'Dodge ', N'900', CAST(1979 AS Numeric(4, 0)), 118, 118, 6, 2, N'S3524', N'DITE', N'A009', N'2017', 3, 1, CAST(17.00 AS Decimal(5, 2)), CAST(40.00 AS Decimal(5, 2)), CAST(8.50 AS Decimal(5, 2)), CAST(2.40 AS Decimal(5, 2)), CAST(2.40 AS Decimal(5, 2)))
IF NOT EXISTS (SELECT Codigo FROM dbo.Vehiculo WHERE Codigo = 7)
INSERT [dbo].[Vehiculo] ([Codigo], [Placa], [Marca], [Linea], [Modelo], [CodigoPropietario], [CodigoAdministrador], [CodigoConductor], [CodigoDesignacion], [PlacaRemolque], [MarcaRemolque], [LineaCarroceria], [ModeloCarroceria], [CodigoTipoCarroceria], [CodigoTipoCarga], [CapacidadCarga], [CapacidadVolumetrica], [Largo], [Ancho], [Alto]) VALUES (7, N'GHI-789', N'Kenworth', N'T2000', CAST(2015 AS Numeric(4, 0)), 120, 120, 7, 9, N'S9888', N'ROMARCO', N'I55', N'2018', 3, 1, CAST(50.00 AS Decimal(5, 2)), CAST(80.00 AS Decimal(5, 2)), CAST(12.50 AS Decimal(5, 2)), CAST(2.40 AS Decimal(5, 2)), CAST(2.40 AS Decimal(5, 2)))
IF NOT EXISTS (SELECT Codigo FROM dbo.Vehiculo WHERE Codigo = 8)
INSERT [dbo].[Vehiculo] ([Codigo], [Placa], [Marca], [Linea], [Modelo], [CodigoPropietario], [CodigoAdministrador], [CodigoConductor], [CodigoDesignacion], [PlacaRemolque], [MarcaRemolque], [LineaCarroceria], [ModeloCarroceria], [CodigoTipoCarroceria], [CodigoTipoCarga], [CapacidadCarga], [CapacidadVolumetrica], [Largo], [Ancho], [Alto]) VALUES (8, N'FKG-719', N'International', N'Eagle', CAST(2012 AS Numeric(4, 0)), 120, 120, 8, 6, N'S1516', N'DITE', N'A010', N'2005', 1, 4, CAST(50.00 AS Decimal(5, 2)), CAST(80.00 AS Decimal(5, 2)), CAST(12.50 AS Decimal(5, 2)), CAST(2.40 AS Decimal(5, 2)), CAST(2.40 AS Decimal(5, 2)))
IF NOT EXISTS (SELECT Codigo FROM dbo.Vehiculo WHERE Codigo = 9)
INSERT [dbo].[Vehiculo] ([Codigo], [Placa], [Marca], [Linea], [Modelo], [CodigoPropietario], [CodigoAdministrador], [CodigoConductor], [CodigoDesignacion], [PlacaRemolque], [MarcaRemolque], [LineaCarroceria], [ModeloCarroceria], [CodigoTipoCarroceria], [CodigoTipoCarga], [CapacidadCarga], [CapacidadVolumetrica], [Largo], [Ancho], [Alto]) VALUES (9, N'APO-654', N'Kenworth', N'WQEW', CAST(1988 AS Numeric(4, 0)), 120, 120, 9, 1, N'S6856', N'DITE', N'I56', N'2008', 13, 1, CAST(19.00 AS Decimal(5, 2)), CAST(40.00 AS Decimal(5, 2)), CAST(9.60 AS Decimal(5, 2)), CAST(2.40 AS Decimal(5, 2)), CAST(2.70 AS Decimal(5, 2)))
IF NOT EXISTS (SELECT Codigo FROM dbo.Vehiculo WHERE Codigo = 10)
INSERT [dbo].[Vehiculo] ([Codigo], [Placa], [Marca], [Linea], [Modelo], [CodigoPropietario], [CodigoAdministrador], [CodigoConductor], [CodigoDesignacion], [PlacaRemolque], [MarcaRemolque], [LineaCarroceria], [ModeloCarroceria], [CodigoTipoCarroceria], [CodigoTipoCarga], [CapacidadCarga], [CapacidadVolumetrica], [Largo], [Ancho], [Alto]) VALUES (10, N'ABH-788', N'Chevrolet', N'DCDAF', CAST(2013 AS Numeric(4, 0)), 120, 120, 10, 2, N'S15228', N'ROMARCO', N'A011', N'1999', 3, 1, CAST(26.00 AS Decimal(5, 2)), CAST(61.50 AS Decimal(5, 2)), CAST(9.60 AS Decimal(5, 2)), CAST(1.80 AS Decimal(5, 2)), CAST(2.80 AS Decimal(5, 2)))
IF NOT EXISTS (SELECT Codigo FROM dbo.Vehiculo WHERE Codigo = 11)
INSERT [dbo].[Vehiculo] ([Codigo], [Placa], [Marca], [Linea], [Modelo], [CodigoPropietario], [CodigoAdministrador], [CodigoConductor], [CodigoDesignacion], [PlacaRemolque], [MarcaRemolque], [LineaCarroceria], [ModeloCarroceria], [CodigoTipoCarroceria], [CodigoTipoCarga], [CapacidadCarga], [CapacidadVolumetrica], [Largo], [Ancho], [Alto]) VALUES (11, N'ABC-685', N'International', N'VFV', CAST(1994 AS Numeric(4, 0)), 120, 124, 11, 3, N'S23600', N'ROMARCO', N'I57', N'2005', 3, 1, CAST(36.00 AS Decimal(5, 2)), CAST(63.10 AS Decimal(5, 2)), CAST(17.00 AS Decimal(5, 2)), CAST(2.60 AS Decimal(5, 2)), CAST(3.60 AS Decimal(5, 2)))
IF NOT EXISTS (SELECT Codigo FROM dbo.Vehiculo WHERE Codigo = 12)
INSERT [dbo].[Vehiculo] ([Codigo], [Placa], [Marca], [Linea], [Modelo], [CodigoPropietario], [CodigoAdministrador], [CodigoConductor], [CodigoDesignacion], [PlacaRemolque], [MarcaRemolque], [LineaCarroceria], [ModeloCarroceria], [CodigoTipoCarroceria], [CodigoTipoCarga], [CapacidadCarga], [CapacidadVolumetrica], [Largo], [Ancho], [Alto]) VALUES (12, N'MNH-852', N'International', N'TYRE', CAST(2003 AS Numeric(4, 0)), 120, 124, 12, 4, N'S31972', N'DITE', N'A012', N'2016', 1, 4, CAST(39.00 AS Decimal(5, 2)), CAST(73.30 AS Decimal(5, 2)), CAST(11.20 AS Decimal(5, 2)), CAST(2.50 AS Decimal(5, 2)), CAST(4.00 AS Decimal(5, 2)))
IF NOT EXISTS (SELECT Codigo FROM dbo.Vehiculo WHERE Codigo = 13)
INSERT [dbo].[Vehiculo] ([Codigo], [Placa], [Marca], [Linea], [Modelo], [CodigoPropietario], [CodigoAdministrador], [CodigoConductor], [CodigoDesignacion], [PlacaRemolque], [MarcaRemolque], [LineaCarroceria], [ModeloCarroceria], [CodigoTipoCarroceria], [CodigoTipoCarga], [CapacidadCarga], [CapacidadVolumetrica], [Largo], [Ancho], [Alto]) VALUES (13, N'UJH-963', N'Kenworth', N'YTJHG', CAST(2007 AS Numeric(4, 0)), 120, 124, 13, 5, N'S40344', N'DITE', N'I58', N'2001', 13, 1, CAST(31.00 AS Decimal(5, 2)), CAST(65.70 AS Decimal(5, 2)), CAST(5.40 AS Decimal(5, 2)), CAST(1.70 AS Decimal(5, 2)), CAST(3.40 AS Decimal(5, 2)))
IF NOT EXISTS (SELECT Codigo FROM dbo.Vehiculo WHERE Codigo = 14)
INSERT [dbo].[Vehiculo] ([Codigo], [Placa], [Marca], [Linea], [Modelo], [CodigoPropietario], [CodigoAdministrador], [CodigoConductor], [CodigoDesignacion], [PlacaRemolque], [MarcaRemolque], [LineaCarroceria], [ModeloCarroceria], [CodigoTipoCarroceria], [CodigoTipoCarga], [CapacidadCarga], [CapacidadVolumetrica], [Largo], [Ancho], [Alto]) VALUES (14, N'YTS-321', N'Chevrolet', N'JHGJ', CAST(1981 AS Numeric(4, 0)), 120, 124, 14, 6, N'S48716', N'ROMARCO', N'I56', N'2002', 3, 1, CAST(6.00 AS Decimal(5, 2)), CAST(71.10 AS Decimal(5, 2)), CAST(14.30 AS Decimal(5, 2)), CAST(2.10 AS Decimal(5, 2)), CAST(3.40 AS Decimal(5, 2)))
IF NOT EXISTS (SELECT Codigo FROM dbo.Vehiculo WHERE Codigo = 15)
INSERT [dbo].[Vehiculo] ([Codigo], [Placa], [Marca], [Linea], [Modelo], [CodigoPropietario], [CodigoAdministrador], [CodigoConductor], [CodigoDesignacion], [PlacaRemolque], [MarcaRemolque], [LineaCarroceria], [ModeloCarroceria], [CodigoTipoCarroceria], [CodigoTipoCarga], [CapacidadCarga], [CapacidadVolumetrica], [Largo], [Ancho], [Alto]) VALUES (15, N'POU-965', N'Dodge ', N'NMB', CAST(1984 AS Numeric(4, 0)), 128, 124, 15, 7, N'S57088', N'DITE', N'A011', N'1999', 3, 1, CAST(11.00 AS Decimal(5, 2)), CAST(24.30 AS Decimal(5, 2)), CAST(14.20 AS Decimal(5, 2)), CAST(2.30 AS Decimal(5, 2)), CAST(2.20 AS Decimal(5, 2)))
IF NOT EXISTS (SELECT Codigo FROM dbo.Vehiculo WHERE Codigo = 16)
INSERT [dbo].[Vehiculo] ([Codigo], [Placa], [Marca], [Linea], [Modelo], [CodigoPropietario], [CodigoAdministrador], [CodigoConductor], [CodigoDesignacion], [PlacaRemolque], [MarcaRemolque], [LineaCarroceria], [ModeloCarroceria], [CodigoTipoCarroceria], [CodigoTipoCarga], [CapacidadCarga], [CapacidadVolumetrica], [Largo], [Ancho], [Alto]) VALUES (16, N'POR-786', N'International', N'YTUTY', CAST(2002 AS Numeric(4, 0)), 128, 124, 16, 8, N'S65460', N'ROMARCO', N'I57', N'2000', 1, 4, CAST(40.00 AS Decimal(5, 2)), CAST(59.60 AS Decimal(5, 2)), CAST(12.20 AS Decimal(5, 2)), CAST(2.30 AS Decimal(5, 2)), CAST(2.20 AS Decimal(5, 2)))
IF NOT EXISTS (SELECT Codigo FROM dbo.Vehiculo WHERE Codigo = 17)
INSERT [dbo].[Vehiculo] ([Codigo], [Placa], [Marca], [Linea], [Modelo], [CodigoPropietario], [CodigoAdministrador], [CodigoConductor], [CodigoDesignacion], [PlacaRemolque], [MarcaRemolque], [LineaCarroceria], [ModeloCarroceria], [CodigoTipoCarroceria], [CodigoTipoCarga], [CapacidadCarga], [CapacidadVolumetrica], [Largo], [Ancho], [Alto]) VALUES (17, N'YHN-654', N'Dodge ', N'NG ', CAST(2006 AS Numeric(4, 0)), 128, 132, 9, 9, N'S73832', N'ROMARCO', N'A012', N'1999', 13, 1, CAST(11.00 AS Decimal(5, 2)), CAST(33.20 AS Decimal(5, 2)), CAST(5.10 AS Decimal(5, 2)), CAST(2.60 AS Decimal(5, 2)), CAST(3.30 AS Decimal(5, 2)))
IF NOT EXISTS (SELECT Codigo FROM dbo.Vehiculo WHERE Codigo = 18)
INSERT [dbo].[Vehiculo] ([Codigo], [Placa], [Marca], [Linea], [Modelo], [CodigoPropietario], [CodigoAdministrador], [CodigoConductor], [CodigoDesignacion], [PlacaRemolque], [MarcaRemolque], [LineaCarroceria], [ModeloCarroceria], [CodigoTipoCarroceria], [CodigoTipoCarga], [CapacidadCarga], [CapacidadVolumetrica], [Largo], [Ancho], [Alto]) VALUES (18, N'FTG-896', N'Chevrolet', N'BGHFG', CAST(2004 AS Numeric(4, 0)), 128, 132, 18, 10, N'S82204', N'ROMARCO', N'I58', N'2012', 3, 1, CAST(25.00 AS Decimal(5, 2)), CAST(29.90 AS Decimal(5, 2)), CAST(7.60 AS Decimal(5, 2)), CAST(2.50 AS Decimal(5, 2)), CAST(2.30 AS Decimal(5, 2)))
IF NOT EXISTS (SELECT Codigo FROM dbo.Vehiculo WHERE Codigo = 19)
INSERT [dbo].[Vehiculo] ([Codigo], [Placa], [Marca], [Linea], [Modelo], [CodigoPropietario], [CodigoAdministrador], [CodigoConductor], [CodigoDesignacion], [PlacaRemolque], [MarcaRemolque], [LineaCarroceria], [ModeloCarroceria], [CodigoTipoCarroceria], [CodigoTipoCarga], [CapacidadCarga], [CapacidadVolumetrica], [Largo], [Ancho], [Alto]) VALUES (19, N'POE-325', N'Chevrolet', N'YUU', CAST(1991 AS Numeric(4, 0)), 132, 132, 19, 11, N'S90576', N'DITE', N'A013', N'2013', 3, 1, CAST(7.00 AS Decimal(5, 2)), CAST(72.80 AS Decimal(5, 2)), CAST(11.30 AS Decimal(5, 2)), CAST(1.80 AS Decimal(5, 2)), CAST(3.20 AS Decimal(5, 2)))
IF NOT EXISTS (SELECT Codigo FROM dbo.Vehiculo WHERE Codigo = 20)
INSERT [dbo].[Vehiculo] ([Codigo], [Placa], [Marca], [Linea], [Modelo], [CodigoPropietario], [CodigoAdministrador], [CodigoConductor], [CodigoDesignacion], [PlacaRemolque], [MarcaRemolque], [LineaCarroceria], [ModeloCarroceria], [CodigoTipoCarroceria], [CodigoTipoCarga], [CapacidadCarga], [CapacidadVolumetrica], [Largo], [Ancho], [Alto]) VALUES (20, N'ILK-753', N'Chevrolet', N'FGHFG', CAST(2017 AS Numeric(4, 0)), 133, 133, 20, 12, N'S98948', N'ROMARCO', N'I59', N'2017', 1, 4, CAST(24.00 AS Decimal(5, 2)), CAST(30.00 AS Decimal(5, 2)), CAST(11.40 AS Decimal(5, 2)), CAST(1.90 AS Decimal(5, 2)), CAST(2.00 AS Decimal(5, 2)))
IF NOT EXISTS (SELECT Codigo FROM dbo.Vehiculo WHERE Codigo = 21)
INSERT [dbo].[Vehiculo] ([Codigo], [Placa], [Marca], [Linea], [Modelo], [CodigoPropietario], [CodigoAdministrador], [CodigoConductor], [CodigoDesignacion], [PlacaRemolque], [MarcaRemolque], [LineaCarroceria], [ModeloCarroceria], [CodigoTipoCarroceria], [CodigoTipoCarga], [CapacidadCarga], [CapacidadVolumetrica], [Largo], [Ancho], [Alto]) VALUES (21, N'LKU-658', N'International', N'FGHFG', CAST(2010 AS Numeric(4, 0)), 134, 134, 21, 13, N'S107320', N'DITE', N'I57', N'1996', 13, 1, CAST(48.00 AS Decimal(5, 2)), CAST(79.10 AS Decimal(5, 2)), CAST(14.20 AS Decimal(5, 2)), CAST(1.80 AS Decimal(5, 2)), CAST(3.80 AS Decimal(5, 2)))
IF NOT EXISTS (SELECT Codigo FROM dbo.Vehiculo WHERE Codigo = 22)
INSERT [dbo].[Vehiculo] ([Codigo], [Placa], [Marca], [Linea], [Modelo], [CodigoPropietario], [CodigoAdministrador], [CodigoConductor], [CodigoDesignacion], [PlacaRemolque], [MarcaRemolque], [LineaCarroceria], [ModeloCarroceria], [CodigoTipoCarroceria], [CodigoTipoCarga], [CapacidadCarga], [CapacidadVolumetrica], [Largo], [Ancho], [Alto]) VALUES (22, N'TYU-458', N'Kenworth', N'FGHFG', CAST(2017 AS Numeric(4, 0)), 135, 134, 22, 14, N'S115692', N'DITE', N'A012', N'1997', 3, 1, CAST(33.00 AS Decimal(5, 2)), CAST(48.40 AS Decimal(5, 2)), CAST(12.50 AS Decimal(5, 2)), CAST(2.30 AS Decimal(5, 2)), CAST(3.70 AS Decimal(5, 2)))
IF NOT EXISTS (SELECT Codigo FROM dbo.Vehiculo WHERE Codigo = 23)
INSERT [dbo].[Vehiculo] ([Codigo], [Placa], [Marca], [Linea], [Modelo], [CodigoPropietario], [CodigoAdministrador], [CodigoConductor], [CodigoDesignacion], [PlacaRemolque], [MarcaRemolque], [LineaCarroceria], [ModeloCarroceria], [CodigoTipoCarroceria], [CodigoTipoCarga], [CapacidadCarga], [CapacidadVolumetrica], [Largo], [Ancho], [Alto]) VALUES (23, N'UYT-741', N'Dodge ', N'NG ', CAST(2011 AS Numeric(4, 0)), 135, 134, 23, 15, N'S124064', N'DITE', N'I58', N'1999', 13, 1, CAST(20.00 AS Decimal(5, 2)), CAST(79.30 AS Decimal(5, 2)), CAST(16.50 AS Decimal(5, 2)), CAST(2.20 AS Decimal(5, 2)), CAST(3.40 AS Decimal(5, 2)))
IF NOT EXISTS (SELECT Codigo FROM dbo.Vehiculo WHERE Codigo = 24)
INSERT [dbo].[Vehiculo] ([Codigo], [Placa], [Marca], [Linea], [Modelo], [CodigoPropietario], [CodigoAdministrador], [CodigoConductor], [CodigoDesignacion], [PlacaRemolque], [MarcaRemolque], [LineaCarroceria], [ModeloCarroceria], [CodigoTipoCarroceria], [CodigoTipoCarga], [CapacidadCarga], [CapacidadVolumetrica], [Largo], [Ancho], [Alto]) VALUES (24, N'UDG-745', N'Dodge ', N'GFHT', CAST(2013 AS Numeric(4, 0)), 135, 134, 24, 16, N'S132436', N'ROMARCO', N'A013', N'2006', 3, 1, CAST(10.00 AS Decimal(5, 2)), CAST(40.80 AS Decimal(5, 2)), CAST(11.70 AS Decimal(5, 2)), CAST(2.50 AS Decimal(5, 2)), CAST(2.40 AS Decimal(5, 2)))
IF NOT EXISTS (SELECT Codigo FROM dbo.Vehiculo WHERE Codigo = 25)
INSERT [dbo].[Vehiculo] ([Codigo], [Placa], [Marca], [Linea], [Modelo], [CodigoPropietario], [CodigoAdministrador], [CodigoConductor], [CodigoDesignacion], [PlacaRemolque], [MarcaRemolque], [LineaCarroceria], [ModeloCarroceria], [CodigoTipoCarroceria], [CodigoTipoCarga], [CapacidadCarga], [CapacidadVolumetrica], [Largo], [Ancho], [Alto]) VALUES (25, N'ADF-852', N'Chevrolet', N'ETYE', CAST(1995 AS Numeric(4, 0)), 135, 134, 25, 17, N'S140808', N'DITE', N'I59', N'2010', 3, 4, CAST(19.00 AS Decimal(5, 2)), CAST(41.90 AS Decimal(5, 2)), CAST(13.70 AS Decimal(5, 2)), CAST(1.80 AS Decimal(5, 2)), CAST(2.70 AS Decimal(5, 2)))
IF NOT EXISTS (SELECT Codigo FROM dbo.Vehiculo WHERE Codigo = 26)
INSERT [dbo].[Vehiculo] ([Codigo], [Placa], [Marca], [Linea], [Modelo], [CodigoPropietario], [CodigoAdministrador], [CodigoConductor], [CodigoDesignacion], [PlacaRemolque], [MarcaRemolque], [LineaCarroceria], [ModeloCarroceria], [CodigoTipoCarroceria], [CodigoTipoCarga], [CapacidadCarga], [CapacidadVolumetrica], [Largo], [Ancho], [Alto]) VALUES (26, N'ERT-985', N'Kenworth', N'ERY', CAST(2007 AS Numeric(4, 0)), 135, 134, 26, 18, N'S149180', N'DITE', N'A014', N'1998', 1, 1, CAST(12.00 AS Decimal(5, 2)), CAST(69.50 AS Decimal(5, 2)), CAST(10.60 AS Decimal(5, 2)), CAST(2.40 AS Decimal(5, 2)), CAST(2.60 AS Decimal(5, 2)))
IF NOT EXISTS (SELECT Codigo FROM dbo.Vehiculo WHERE Codigo = 27)
INSERT [dbo].[Vehiculo] ([Codigo], [Placa], [Marca], [Linea], [Modelo], [CodigoPropietario], [CodigoAdministrador], [CodigoConductor], [CodigoDesignacion], [PlacaRemolque], [MarcaRemolque], [LineaCarroceria], [ModeloCarroceria], [CodigoTipoCarroceria], [CodigoTipoCarga], [CapacidadCarga], [CapacidadVolumetrica], [Largo], [Ancho], [Alto]) VALUES (27, N'WER-965', N'Chevrolet', N'UYR', CAST(2016 AS Numeric(4, 0)), 135, 121, 27, 19, N'S9856', N'ROMARCO', N'I60', N'2010', 13, 1, CAST(24.00 AS Decimal(5, 2)), CAST(27.30 AS Decimal(5, 2)), CAST(6.40 AS Decimal(5, 2)), CAST(2.50 AS Decimal(5, 2)), CAST(3.60 AS Decimal(5, 2)))
IF NOT EXISTS (SELECT Codigo FROM dbo.Vehiculo WHERE Codigo = 28)
INSERT [dbo].[Vehiculo] ([Codigo], [Placa], [Marca], [Linea], [Modelo], [CodigoPropietario], [CodigoAdministrador], [CodigoConductor], [CodigoDesignacion], [PlacaRemolque], [MarcaRemolque], [LineaCarroceria], [ModeloCarroceria], [CodigoTipoCarroceria], [CodigoTipoCarga], [CapacidadCarga], [CapacidadVolumetrica], [Largo], [Ancho], [Alto]) VALUES (28, N'POU-358', N'International', N'ERT', CAST(2011 AS Numeric(4, 0)), 135, 121, 28, 20, N'S3565', N'DITE', N'I56', N'2003', 3, 1, CAST(10.00 AS Decimal(5, 2)), CAST(39.10 AS Decimal(5, 2)), CAST(9.10 AS Decimal(5, 2)), CAST(1.90 AS Decimal(5, 2)), CAST(3.20 AS Decimal(5, 2)))
IF NOT EXISTS (SELECT Codigo FROM dbo.Vehiculo WHERE Codigo = 29)
INSERT [dbo].[Vehiculo] ([Codigo], [Placa], [Marca], [Linea], [Modelo], [CodigoPropietario], [CodigoAdministrador], [CodigoConductor], [CodigoDesignacion], [PlacaRemolque], [MarcaRemolque], [LineaCarroceria], [ModeloCarroceria], [CodigoTipoCarroceria], [CodigoTipoCarga], [CapacidadCarga], [CapacidadVolumetrica], [Largo], [Ancho], [Alto]) VALUES (29, N'RFG-854', N'Kenworth', N'YTTR', CAST(2007 AS Numeric(4, 0)), 142, 121, 29, 21, N'S2726', N'DITE', N'A011', N'2003', 3, 4, CAST(24.00 AS Decimal(5, 2)), CAST(65.90 AS Decimal(5, 2)), CAST(9.30 AS Decimal(5, 2)), CAST(2.60 AS Decimal(5, 2)), CAST(3.30 AS Decimal(5, 2)))
IF NOT EXISTS (SELECT Codigo FROM dbo.Vehiculo WHERE Codigo = 30)
INSERT [dbo].[Vehiculo] ([Codigo], [Placa], [Marca], [Linea], [Modelo], [CodigoPropietario], [CodigoAdministrador], [CodigoConductor], [CodigoDesignacion], [PlacaRemolque], [MarcaRemolque], [LineaCarroceria], [ModeloCarroceria], [CodigoTipoCarroceria], [CodigoTipoCarga], [CapacidadCarga], [CapacidadVolumetrica], [Largo], [Ancho], [Alto]) VALUES (30, N'VFG-456', N'Chevrolet', N'RTYE', CAST(1999 AS Numeric(4, 0)), 143, 143, 30, 22, N'S9017', N'DITE', N'I57', N'2015', 1, 1, CAST(38.00 AS Decimal(5, 2)), CAST(49.00 AS Decimal(5, 2)), CAST(9.00 AS Decimal(5, 2)), CAST(1.70 AS Decimal(5, 2)), CAST(2.00 AS Decimal(5, 2)))
IF NOT EXISTS (SELECT Codigo FROM dbo.Vehiculo WHERE Codigo = 31)
INSERT [dbo].[Vehiculo] ([Codigo], [Placa], [Marca], [Linea], [Modelo], [CodigoPropietario], [CodigoAdministrador], [CodigoConductor], [CodigoDesignacion], [PlacaRemolque], [MarcaRemolque], [LineaCarroceria], [ModeloCarroceria], [CodigoTipoCarroceria], [CodigoTipoCarga], [CapacidadCarga], [CapacidadVolumetrica], [Largo], [Ancho], [Alto]) VALUES (31, N'TYU-684', N'Dodge ', N'ERTE', CAST(1989 AS Numeric(4, 0)), 144, 144, 31, 23, N'S15308', N'ROMARCO', N'A012', N'1996', 13, 1, CAST(16.00 AS Decimal(5, 2)), CAST(20.50 AS Decimal(5, 2)), CAST(6.50 AS Decimal(5, 2)), CAST(2.30 AS Decimal(5, 2)), CAST(2.80 AS Decimal(5, 2)))
IF NOT EXISTS (SELECT Codigo FROM dbo.Vehiculo WHERE Codigo = 32)
INSERT [dbo].[Vehiculo] ([Codigo], [Placa], [Marca], [Linea], [Modelo], [CodigoPropietario], [CodigoAdministrador], [CodigoConductor], [CodigoDesignacion], [PlacaRemolque], [MarcaRemolque], [LineaCarroceria], [ModeloCarroceria], [CodigoTipoCarroceria], [CodigoTipoCarga], [CapacidadCarga], [CapacidadVolumetrica], [Largo], [Ancho], [Alto]) VALUES (32, N'BGH-785', N'International', N'ERTMJ', CAST(1999 AS Numeric(4, 0)), 145, 147, 32, 24, N'S21599', N'DITE', N'I58', N'1998', 3, 1, CAST(35.00 AS Decimal(5, 2)), CAST(55.30 AS Decimal(5, 2)), CAST(8.40 AS Decimal(5, 2)), CAST(2.30 AS Decimal(5, 2)), CAST(2.70 AS Decimal(5, 2)))
IF NOT EXISTS (SELECT Codigo FROM dbo.Vehiculo WHERE Codigo = 33)
INSERT [dbo].[Vehiculo] ([Codigo], [Placa], [Marca], [Linea], [Modelo], [CodigoPropietario], [CodigoAdministrador], [CodigoConductor], [CodigoDesignacion], [PlacaRemolque], [MarcaRemolque], [LineaCarroceria], [ModeloCarroceria], [CodigoTipoCarroceria], [CodigoTipoCarga], [CapacidadCarga], [CapacidadVolumetrica], [Largo], [Ancho], [Alto]) VALUES (33, N'TYU-965', N'Dodge ', N'HGFB', CAST(1988 AS Numeric(4, 0)), 145, 147, 33, 25, N'S27890', N'ROMARCO', N'A013', N'1995', 3, 4, CAST(19.00 AS Decimal(5, 2)), CAST(50.80 AS Decimal(5, 2)), CAST(6.30 AS Decimal(5, 2)), CAST(2.00 AS Decimal(5, 2)), CAST(3.70 AS Decimal(5, 2)))
IF NOT EXISTS (SELECT Codigo FROM dbo.Vehiculo WHERE Codigo = 34)
INSERT [dbo].[Vehiculo] ([Codigo], [Placa], [Marca], [Linea], [Modelo], [CodigoPropietario], [CodigoAdministrador], [CodigoConductor], [CodigoDesignacion], [PlacaRemolque], [MarcaRemolque], [LineaCarroceria], [ModeloCarroceria], [CodigoTipoCarroceria], [CodigoTipoCarga], [CapacidadCarga], [CapacidadVolumetrica], [Largo], [Ancho], [Alto]) VALUES (34, N'BGU-741', N'Kenworth', N'GFHT', CAST(2001 AS Numeric(4, 0)), 145, 147, 34, 26, N'S34181', N'ROMARCO', N'I54', N'2008', 1, 1, CAST(50.00 AS Decimal(5, 2)), CAST(50.20 AS Decimal(5, 2)), CAST(7.10 AS Decimal(5, 2)), CAST(2.40 AS Decimal(5, 2)), CAST(2.20 AS Decimal(5, 2)))
IF NOT EXISTS (SELECT Codigo FROM dbo.Vehiculo WHERE Codigo = 35)
INSERT [dbo].[Vehiculo] ([Codigo], [Placa], [Marca], [Linea], [Modelo], [CodigoPropietario], [CodigoAdministrador], [CodigoConductor], [CodigoDesignacion], [PlacaRemolque], [MarcaRemolque], [LineaCarroceria], [ModeloCarroceria], [CodigoTipoCarroceria], [CodigoTipoCarga], [CapacidadCarga], [CapacidadVolumetrica], [Largo], [Ancho], [Alto]) VALUES (35, N'IYU-632', N'Chevrolet', N'DFG', CAST(1994 AS Numeric(4, 0)), 148, 147, 35, 1, N'S40472', N'ROMARCO', N'I52', N'1995', 13, 1, CAST(27.00 AS Decimal(5, 2)), CAST(71.80 AS Decimal(5, 2)), CAST(13.80 AS Decimal(5, 2)), CAST(2.20 AS Decimal(5, 2)), CAST(2.00 AS Decimal(5, 2)))
IF NOT EXISTS (SELECT Codigo FROM dbo.Vehiculo WHERE Codigo = 36)
INSERT [dbo].[Vehiculo] ([Codigo], [Placa], [Marca], [Linea], [Modelo], [CodigoPropietario], [CodigoAdministrador], [CodigoConductor], [CodigoDesignacion], [PlacaRemolque], [MarcaRemolque], [LineaCarroceria], [ModeloCarroceria], [CodigoTipoCarroceria], [CodigoTipoCarga], [CapacidadCarga], [CapacidadVolumetrica], [Largo], [Ancho], [Alto]) VALUES (36, N'ERT-652', N'Dodge ', N'RTE', CAST(2011 AS Numeric(4, 0)), 149, 149, 36, 2, N'S46763', N'DITE', N'A012', N'2012', 3, 1, CAST(32.00 AS Decimal(5, 2)), CAST(40.00 AS Decimal(5, 2)), CAST(10.70 AS Decimal(5, 2)), CAST(2.30 AS Decimal(5, 2)), CAST(2.70 AS Decimal(5, 2)))
IF NOT EXISTS (SELECT Codigo FROM dbo.Vehiculo WHERE Codigo = 37)
INSERT [dbo].[Vehiculo] ([Codigo], [Placa], [Marca], [Linea], [Modelo], [CodigoPropietario], [CodigoAdministrador], [CodigoConductor], [CodigoDesignacion], [PlacaRemolque], [MarcaRemolque], [LineaCarroceria], [ModeloCarroceria], [CodigoTipoCarroceria], [CodigoTipoCarga], [CapacidadCarga], [CapacidadVolumetrica], [Largo], [Ancho], [Alto]) VALUES (37, N'WER-325', N'Kenworth', N'DFGDF', CAST(2006 AS Numeric(4, 0)), 150, 150, 37, 3, N'S53054', N'DITE', N'I58', N'2005', 3, 4, CAST(15.00 AS Decimal(5, 2)), CAST(23.90 AS Decimal(5, 2)), CAST(8.90 AS Decimal(5, 2)), CAST(1.80 AS Decimal(5, 2)), CAST(2.70 AS Decimal(5, 2)))
IF NOT EXISTS (SELECT Codigo FROM dbo.Vehiculo WHERE Codigo = 38)
INSERT [dbo].[Vehiculo] ([Codigo], [Placa], [Marca], [Linea], [Modelo], [CodigoPropietario], [CodigoAdministrador], [CodigoConductor], [CodigoDesignacion], [PlacaRemolque], [MarcaRemolque], [LineaCarroceria], [ModeloCarroceria], [CodigoTipoCarroceria], [CodigoTipoCarga], [CapacidadCarga], [CapacidadVolumetrica], [Largo], [Ancho], [Alto]) VALUES (38, N'EQW-365', N'Dodge ', N'BGN', CAST(1999 AS Numeric(4, 0)), 151, 151, 38, 4, N'S59345', N'DITE', N'A013', N'2006', 1, 1, CAST(26.00 AS Decimal(5, 2)), CAST(67.50 AS Decimal(5, 2)), CAST(8.70 AS Decimal(5, 2)), CAST(1.70 AS Decimal(5, 2)), CAST(3.40 AS Decimal(5, 2)))
IF NOT EXISTS (SELECT Codigo FROM dbo.Vehiculo WHERE Codigo = 39)
INSERT [dbo].[Vehiculo] ([Codigo], [Placa], [Marca], [Linea], [Modelo], [CodigoPropietario], [CodigoAdministrador], [CodigoConductor], [CodigoDesignacion], [PlacaRemolque], [MarcaRemolque], [LineaCarroceria], [ModeloCarroceria], [CodigoTipoCarroceria], [CodigoTipoCarga], [CapacidadCarga], [CapacidadVolumetrica], [Largo], [Ancho], [Alto]) VALUES (39, N'CDF-635', N'Dodge ', N'UYU', CAST(1984 AS Numeric(4, 0)), 123, 123, 10, 5, N'S9865', N'ROMARCO', N'I59', N'2016', 13, 1, CAST(14.00 AS Decimal(5, 2)), CAST(41.50 AS Decimal(5, 2)), CAST(5.20 AS Decimal(5, 2)), CAST(1.60 AS Decimal(5, 2)), CAST(2.80 AS Decimal(5, 2)))
IF NOT EXISTS (SELECT Codigo FROM dbo.Vehiculo WHERE Codigo = 40)
INSERT [dbo].[Vehiculo] ([Codigo], [Placa], [Marca], [Linea], [Modelo], [CodigoPropietario], [CodigoAdministrador], [CodigoConductor], [CodigoDesignacion], [PlacaRemolque], [MarcaRemolque], [LineaCarroceria], [ModeloCarroceria], [CodigoTipoCarroceria], [CodigoTipoCarga], [CapacidadCarga], [CapacidadVolumetrica], [Largo], [Ancho], [Alto]) VALUES (40, N'TYU-942', N'Kenworth', N'ERT', CAST(2010 AS Numeric(4, 0)), 152, 123, 40, 6, N'S8752', N'DITE', N'A014', N'2005', 3, 1, CAST(39.00 AS Decimal(5, 2)), CAST(46.90 AS Decimal(5, 2)), CAST(12.00 AS Decimal(5, 2)), CAST(2.50 AS Decimal(5, 2)), CAST(2.90 AS Decimal(5, 2)))
IF NOT EXISTS (SELECT Codigo FROM dbo.Vehiculo WHERE Codigo = 41)
INSERT [dbo].[Vehiculo] ([Codigo], [Placa], [Marca], [Linea], [Modelo], [CodigoPropietario], [CodigoAdministrador], [CodigoConductor], [CodigoDesignacion], [PlacaRemolque], [MarcaRemolque], [LineaCarroceria], [ModeloCarroceria], [CodigoTipoCarroceria], [CodigoTipoCarga], [CapacidadCarga], [CapacidadVolumetrica], [Largo], [Ancho], [Alto]) VALUES (41, N'IKL-624', N'Chevrolet', N'WERW', CAST(1989 AS Numeric(4, 0)), 153, 123, 41, 7, N'S7639', N'DITE', N'I55', N'2009', 13, 1, CAST(27.00 AS Decimal(5, 2)), CAST(44.60 AS Decimal(5, 2)), CAST(5.90 AS Decimal(5, 2)), CAST(2.00 AS Decimal(5, 2)), CAST(2.90 AS Decimal(5, 2)))
IF NOT EXISTS (SELECT Codigo FROM dbo.Vehiculo WHERE Codigo = 42)
INSERT [dbo].[Vehiculo] ([Codigo], [Placa], [Marca], [Linea], [Modelo], [CodigoPropietario], [CodigoAdministrador], [CodigoConductor], [CodigoDesignacion], [PlacaRemolque], [MarcaRemolque], [LineaCarroceria], [ModeloCarroceria], [CodigoTipoCarroceria], [CodigoTipoCarga], [CapacidadCarga], [CapacidadVolumetrica], [Largo], [Ancho], [Alto]) VALUES (42, N'CDG-458', N'International', N'MKL', CAST(2000 AS Numeric(4, 0)), 153, 123, 42, 8, N'S6526', N'ROMARCO', N'I53', N'2001', 3, 4, CAST(36.00 AS Decimal(5, 2)), CAST(45.90 AS Decimal(5, 2)), CAST(12.10 AS Decimal(5, 2)), CAST(2.40 AS Decimal(5, 2)), CAST(3.20 AS Decimal(5, 2)))
IF NOT EXISTS (SELECT Codigo FROM dbo.Vehiculo WHERE Codigo = 43)
INSERT [dbo].[Vehiculo] ([Codigo], [Placa], [Marca], [Linea], [Modelo], [CodigoPropietario], [CodigoAdministrador], [CodigoConductor], [CodigoDesignacion], [PlacaRemolque], [MarcaRemolque], [LineaCarroceria], [ModeloCarroceria], [CodigoTipoCarroceria], [CodigoTipoCarga], [CapacidadCarga], [CapacidadVolumetrica], [Largo], [Ancho], [Alto]) VALUES (43, N'VBN-320', N'Kenworth', N'LOJ', CAST(2000 AS Numeric(4, 0)), 153, 155, 43, 9, N'S5413', N'DITE', N'A013', N'2012', 3, 1, CAST(42.00 AS Decimal(5, 2)), CAST(23.10 AS Decimal(5, 2)), CAST(13.50 AS Decimal(5, 2)), CAST(2.00 AS Decimal(5, 2)), CAST(3.00 AS Decimal(5, 2)))
IF NOT EXISTS (SELECT Codigo FROM dbo.Vehiculo WHERE Codigo = 44)
INSERT [dbo].[Vehiculo] ([Codigo], [Placa], [Marca], [Linea], [Modelo], [CodigoPropietario], [CodigoAdministrador], [CodigoConductor], [CodigoDesignacion], [PlacaRemolque], [MarcaRemolque], [LineaCarroceria], [ModeloCarroceria], [CodigoTipoCarroceria], [CodigoTipoCarga], [CapacidadCarga], [CapacidadVolumetrica], [Largo], [Ancho], [Alto]) VALUES (44, N'MJK-321', N'Chevrolet', N'JUGH', CAST(1997 AS Numeric(4, 0)), 153, 156, 44, 7, N'S4300', N'DITE', N'I59', N'2001', 1, 1, CAST(50.00 AS Decimal(5, 2)), CAST(45.80 AS Decimal(5, 2)), CAST(12.60 AS Decimal(5, 2)), CAST(2.10 AS Decimal(5, 2)), CAST(3.60 AS Decimal(5, 2)))
IF NOT EXISTS (SELECT Codigo FROM dbo.Vehiculo WHERE Codigo = 45)
INSERT [dbo].[Vehiculo] ([Codigo], [Placa], [Marca], [Linea], [Modelo], [CodigoPropietario], [CodigoAdministrador], [CodigoConductor], [CodigoDesignacion], [PlacaRemolque], [MarcaRemolque], [LineaCarroceria], [ModeloCarroceria], [CodigoTipoCarroceria], [CodigoTipoCarga], [CapacidadCarga], [CapacidadVolumetrica], [Largo], [Ancho], [Alto]) VALUES (45, N'XCD-023', N'Chevrolet', N'IIUGH', CAST(2011 AS Numeric(4, 0)), 157, 157, 45, 8, N'S3187', N'DITE', N'I56', N'2015', 13, 1, CAST(29.00 AS Decimal(5, 2)), CAST(66.50 AS Decimal(5, 2)), CAST(12.10 AS Decimal(5, 2)), CAST(2.10 AS Decimal(5, 2)), CAST(2.30 AS Decimal(5, 2)))
IF NOT EXISTS (SELECT Codigo FROM dbo.Vehiculo WHERE Codigo = 46)
INSERT [dbo].[Vehiculo] ([Codigo], [Placa], [Marca], [Linea], [Modelo], [CodigoPropietario], [CodigoAdministrador], [CodigoConductor], [CodigoDesignacion], [PlacaRemolque], [MarcaRemolque], [LineaCarroceria], [ModeloCarroceria], [CodigoTipoCarroceria], [CodigoTipoCarga], [CapacidadCarga], [CapacidadVolumetrica], [Largo], [Ancho], [Alto]) VALUES (46, N'ZSD-058', N'Dodge ', N'GHJU', CAST(1991 AS Numeric(4, 0)), 158, 157, 46, 9, N'S2074', N'ROMARCO', N'A011', N'2010', 13, 4, CAST(9.00 AS Decimal(5, 2)), CAST(58.00 AS Decimal(5, 2)), CAST(13.70 AS Decimal(5, 2)), CAST(2.30 AS Decimal(5, 2)), CAST(3.50 AS Decimal(5, 2)))
IF NOT EXISTS (SELECT Codigo FROM dbo.Vehiculo WHERE Codigo = 47)
INSERT [dbo].[Vehiculo] ([Codigo], [Placa], [Marca], [Linea], [Modelo], [CodigoPropietario], [CodigoAdministrador], [CodigoConductor], [CodigoDesignacion], [PlacaRemolque], [MarcaRemolque], [LineaCarroceria], [ModeloCarroceria], [CodigoTipoCarroceria], [CodigoTipoCarga], [CapacidadCarga], [CapacidadVolumetrica], [Largo], [Ancho], [Alto]) VALUES (47, N'RTY-985', N'Dodge ', N'GHJU', CAST(1997 AS Numeric(4, 0)), 159, 157, 47, 10, N'S961', N'DITE', N'I57', N'1997', 3, 1, CAST(25.00 AS Decimal(5, 2)), CAST(39.60 AS Decimal(5, 2)), CAST(16.60 AS Decimal(5, 2)), CAST(2.30 AS Decimal(5, 2)), CAST(3.90 AS Decimal(5, 2)))
IF NOT EXISTS (SELECT Codigo FROM dbo.Vehiculo WHERE Codigo = 48)
INSERT [dbo].[Vehiculo] ([Codigo], [Placa], [Marca], [Linea], [Modelo], [CodigoPropietario], [CodigoAdministrador], [CodigoConductor], [CodigoDesignacion], [PlacaRemolque], [MarcaRemolque], [LineaCarroceria], [ModeloCarroceria], [CodigoTipoCarroceria], [CodigoTipoCarga], [CapacidadCarga], [CapacidadVolumetrica], [Largo], [Ancho], [Alto]) VALUES (48, N'POI-478', N'Kenworth', N'GHJU', CAST(1987 AS Numeric(4, 0)), 160, 160, 48, 11, N'S152', N'DITE', N'A012', N'2013', 3, 1, CAST(40.00 AS Decimal(5, 2)), CAST(20.40 AS Decimal(5, 2)), CAST(11.30 AS Decimal(5, 2)), CAST(2.20 AS Decimal(5, 2)), CAST(3.00 AS Decimal(5, 2)))
IF NOT EXISTS (SELECT Codigo FROM dbo.Vehiculo WHERE Codigo = 49)
INSERT [dbo].[Vehiculo] ([Codigo], [Placa], [Marca], [Linea], [Modelo], [CodigoPropietario], [CodigoAdministrador], [CodigoConductor], [CodigoDesignacion], [PlacaRemolque], [MarcaRemolque], [LineaCarroceria], [ModeloCarroceria], [CodigoTipoCarroceria], [CodigoTipoCarga], [CapacidadCarga], [CapacidadVolumetrica], [Largo], [Ancho], [Alto]) VALUES (49, N'POR-652', N'Chevrolet', N'IOI', CAST(2009 AS Numeric(4, 0)), 160, 161, 49, 12, N'S1265', N'ROMARCO', N'I58', N'2006', 1, 1, CAST(35.00 AS Decimal(5, 2)), CAST(22.40 AS Decimal(5, 2)), CAST(11.50 AS Decimal(5, 2)), CAST(1.90 AS Decimal(5, 2)), CAST(3.30 AS Decimal(5, 2)))
IF NOT EXISTS (SELECT Codigo FROM dbo.Vehiculo WHERE Codigo = 50)
INSERT [dbo].[Vehiculo] ([Codigo], [Placa], [Marca], [Linea], [Modelo], [CodigoPropietario], [CodigoAdministrador], [CodigoConductor], [CodigoDesignacion], [PlacaRemolque], [MarcaRemolque], [LineaCarroceria], [ModeloCarroceria], [CodigoTipoCarroceria], [CodigoTipoCarga], [CapacidadCarga], [CapacidadVolumetrica], [Largo], [Ancho], [Alto]) VALUES (50, N'QSD-746', N'Dodge ', N'POIOI', CAST(2001 AS Numeric(4, 0)), 160, 162, 50, 13, N'S2378', N'ROMARCO', N'A013', N'2018', 13, 4, CAST(15.00 AS Decimal(5, 2)), CAST(29.90 AS Decimal(5, 2)), CAST(11.60 AS Decimal(5, 2)), CAST(2.20 AS Decimal(5, 2)), CAST(3.40 AS Decimal(5, 2)))
IF NOT EXISTS (SELECT Codigo FROM dbo.Vehiculo WHERE Codigo = 51)
INSERT [dbo].[Vehiculo] ([Codigo], [Placa], [Marca], [Linea], [Modelo], [CodigoPropietario], [CodigoAdministrador], [CodigoConductor], [CodigoDesignacion], [PlacaRemolque], [MarcaRemolque], [LineaCarroceria], [ModeloCarroceria], [CodigoTipoCarroceria], [CodigoTipoCarga], [CapacidadCarga], [CapacidadVolumetrica], [Largo], [Ancho], [Alto]) VALUES (51, N'ERT-205', N'Kenworth', N'POK', CAST(1989 AS Numeric(4, 0)), 163, 163, 51, 20, N'S3491', N'DITE', N'I59', N'2009', 3, 1, CAST(22.00 AS Decimal(5, 2)), CAST(78.30 AS Decimal(5, 2)), CAST(11.30 AS Decimal(5, 2)), CAST(2.40 AS Decimal(5, 2)), CAST(2.90 AS Decimal(5, 2)))
IF NOT EXISTS (SELECT Codigo FROM dbo.Vehiculo WHERE Codigo = 52)
INSERT [dbo].[Vehiculo] ([Codigo], [Placa], [Marca], [Linea], [Modelo], [CodigoPropietario], [CodigoAdministrador], [CodigoConductor], [CodigoDesignacion], [PlacaRemolque], [MarcaRemolque], [LineaCarroceria], [ModeloCarroceria], [CodigoTipoCarroceria], [CodigoTipoCarga], [CapacidadCarga], [CapacidadVolumetrica], [Largo], [Ancho], [Alto]) VALUES (52, N'JUK-635', N'Chevrolet', N'HJJGKG', CAST(2003 AS Numeric(4, 0)), 164, 164, 52, 21, N'S4604', N'ROMARCO', N'A014', N'1998', 3, 1, CAST(42.00 AS Decimal(5, 2)), CAST(34.90 AS Decimal(5, 2)), CAST(5.60 AS Decimal(5, 2)), CAST(1.90 AS Decimal(5, 2)), CAST(3.60 AS Decimal(5, 2)))
IF NOT EXISTS (SELECT Codigo FROM dbo.Vehiculo WHERE Codigo = 53)
INSERT [dbo].[Vehiculo] ([Codigo], [Placa], [Marca], [Linea], [Modelo], [CodigoPropietario], [CodigoAdministrador], [CodigoConductor], [CodigoDesignacion], [PlacaRemolque], [MarcaRemolque], [LineaCarroceria], [ModeloCarroceria], [CodigoTipoCarroceria], [CodigoTipoCarga], [CapacidadCarga], [CapacidadVolumetrica], [Largo], [Ancho], [Alto]) VALUES (53, N'HGT-985', N'Chevrolet', N'OKOK', CAST(2005 AS Numeric(4, 0)), 165, 165, 53, 11, N'S5717', N'DITE', N'I60', N'2008', 13, 4, CAST(18.00 AS Decimal(5, 2)), CAST(44.80 AS Decimal(5, 2)), CAST(10.80 AS Decimal(5, 2)), CAST(2.10 AS Decimal(5, 2)), CAST(2.80 AS Decimal(5, 2)))
IF NOT EXISTS (SELECT Codigo FROM dbo.Vehiculo WHERE Codigo = 54)
INSERT [dbo].[Vehiculo] ([Codigo], [Placa], [Marca], [Linea], [Modelo], [CodigoPropietario], [CodigoAdministrador], [CodigoConductor], [CodigoDesignacion], [PlacaRemolque], [MarcaRemolque], [LineaCarroceria], [ModeloCarroceria], [CodigoTipoCarroceria], [CodigoTipoCarga], [CapacidadCarga], [CapacidadVolumetrica], [Largo], [Ancho], [Alto]) VALUES (54, N'VCD-325', N'Kenworth', N'ERT', CAST(1999 AS Numeric(4, 0)), 166, 166, 54, 25, N'S6830', N'DITE', N'I59', N'2007', 3, 1, CAST(23.00 AS Decimal(5, 2)), CAST(37.80 AS Decimal(5, 2)), CAST(13.50 AS Decimal(5, 2)), CAST(2.30 AS Decimal(5, 2)), CAST(3.20 AS Decimal(5, 2)))
IF NOT EXISTS (SELECT Codigo FROM dbo.Vehiculo WHERE Codigo = 55)
INSERT [dbo].[Vehiculo] ([Codigo], [Placa], [Marca], [Linea], [Modelo], [CodigoPropietario], [CodigoAdministrador], [CodigoConductor], [CodigoDesignacion], [PlacaRemolque], [MarcaRemolque], [LineaCarroceria], [ModeloCarroceria], [CodigoTipoCarroceria], [CodigoTipoCarga], [CapacidadCarga], [CapacidadVolumetrica], [Largo], [Ancho], [Alto]) VALUES (55, N'TEST-14-02-AS', N'Murano', N'ERT', CAST(1999 AS Numeric(4, 0)), 170, 167, 55, 8, N'AAAAA1', N'BBBBB1', N'CCCCC', N'2011', 3, 1, CAST(23.00 AS Decimal(5, 2)), CAST(37.80 AS Decimal(5, 2)), CAST(13.50 AS Decimal(5, 2)), CAST(2.30 AS Decimal(5, 2)), CAST(3.20 AS Decimal(5, 2)))
IF NOT EXISTS (SELECT Codigo FROM dbo.Vehiculo WHERE Codigo = 56)
INSERT [dbo].[Vehiculo] ([Codigo], [Placa], [Marca], [Linea], [Modelo], [CodigoPropietario], [CodigoAdministrador], [CodigoConductor], [CodigoDesignacion], [PlacaRemolque], [MarcaRemolque], [LineaCarroceria], [ModeloCarroceria], [CodigoTipoCarroceria], [CodigoTipoCarga], [CapacidadCarga], [CapacidadVolumetrica], [Largo], [Ancho], [Alto]) VALUES (56, N'TEST-14-02-QW', N'Land Cruiser', N'ERT', CAST(2003 AS Numeric(4, 0)), 171, 168, 56, 9, N'AAAAA2', N'BBBBB2', N'CCCCC2', N'2018', 3, 1, CAST(23.00 AS Decimal(5, 2)), CAST(37.80 AS Decimal(5, 2)), CAST(13.50 AS Decimal(5, 2)), CAST(2.30 AS Decimal(5, 2)), CAST(3.20 AS Decimal(5, 2)))
IF NOT EXISTS (SELECT Codigo FROM dbo.Vehiculo WHERE Codigo = 57)
INSERT [dbo].[Vehiculo] ([Codigo], [Placa], [Marca], [Linea], [Modelo], [CodigoPropietario], [CodigoAdministrador], [CodigoConductor], [CodigoDesignacion], [PlacaRemolque], [MarcaRemolque], [LineaCarroceria], [ModeloCarroceria], [CodigoTipoCarroceria], [CodigoTipoCarga], [CapacidadCarga], [CapacidadVolumetrica], [Largo], [Ancho], [Alto]) VALUES (57, N'TEST-14-02-FG', N'Sonic', N'ERT', CAST(1987 AS Numeric(4, 0)), 172, 169, 57, 21, N'AAAAA3', N'BBBBB3', N'CCCCC3', N'2016', 3, 1, CAST(23.00 AS Decimal(5, 2)), CAST(37.80 AS Decimal(5, 2)), CAST(13.50 AS Decimal(5, 2)), CAST(2.30 AS Decimal(5, 2)), CAST(3.20 AS Decimal(5, 2)))
IF NOT EXISTS (SELECT Codigo FROM dbo.Vehiculo WHERE Codigo = 58)
INSERT [dbo].[Vehiculo] ([Codigo], [Placa], [Marca], [Linea], [Modelo], [CodigoPropietario], [CodigoAdministrador], [CodigoConductor], [CodigoDesignacion], [PlacaRemolque], [MarcaRemolque], [LineaCarroceria], [ModeloCarroceria], [CodigoTipoCarroceria], [CodigoTipoCarga], [CapacidadCarga], [CapacidadVolumetrica], [Largo], [Ancho], [Alto]) VALUES (58, N'TEST-14-02-CV', N'Cruze', N'ERT', CAST(2001 AS Numeric(4, 0)), 173, 169, 58, 5, N'AAAAA4', N'BBBBB4', N'CCCCC4', N'2008', 3, 1, CAST(23.00 AS Decimal(5, 2)), CAST(37.80 AS Decimal(5, 2)), CAST(13.50 AS Decimal(5, 2)), CAST(2.30 AS Decimal(5, 2)), CAST(3.20 AS Decimal(5, 2)))
SET IDENTITY_INSERT [dbo].[Vehiculo] OFF


SET IDENTITY_INSERT [dbo].[Categoria] ON 
IF NOT EXISTS (SELECT Codigo FROM dbo.Categoria WHERE Codigo = 1)
INSERT [dbo].[Categoria] ([Codigo], [Nombre]) VALUES (1, N'Propio')
IF NOT EXISTS (SELECT Codigo FROM dbo.Categoria WHERE Codigo = 2)
INSERT [dbo].[Categoria] ([Codigo], [Nombre]) VALUES (2, N'Fidelizado')
SET IDENTITY_INSERT [dbo].[Categoria] OFF

SET IDENTITY_INSERT [dbo].[EmpresaTransportadora] ON 
IF NOT EXISTS (SELECT Codigo FROM dbo.EmpresaTransportadora WHERE Codigo = 1)
INSERT [dbo].[EmpresaTransportadora] ([Codigo], [Nombre]) VALUES (1, N'CARGA MASIVA S.A.')
IF NOT EXISTS (SELECT Codigo FROM dbo.EmpresaTransportadora WHERE Codigo = 2)
INSERT [dbo].[EmpresaTransportadora] ([Codigo], [Nombre]) VALUES (2, N'TEST-12-04 COMPAÑIA 2.')
SET IDENTITY_INSERT [dbo].[EmpresaTransportadora] OFF

SET IDENTITY_INSERT [dbo].[EmpresaTransportadoraVehiculo] ON 
IF NOT EXISTS (SELECT Codigo FROM dbo.EmpresaTransportadoraVehiculo WHERE Codigo = 1)
INSERT [dbo].[EmpresaTransportadoraVehiculo] ([Codigo], [CodigoEmpresaTransportadora], [CodigoVehiculo], [CodigoCategoria]) VALUES (1, 2, 55, 1)
IF NOT EXISTS (SELECT Codigo FROM dbo.EmpresaTransportadoraVehiculo WHERE Codigo = 2)
INSERT [dbo].[EmpresaTransportadoraVehiculo] ([Codigo], [CodigoEmpresaTransportadora], [CodigoVehiculo], [CodigoCategoria]) VALUES (2, 2, 56, 2)
IF NOT EXISTS (SELECT Codigo FROM dbo.EmpresaTransportadoraVehiculo WHERE Codigo = 3)
INSERT [dbo].[EmpresaTransportadoraVehiculo] ([Codigo], [CodigoEmpresaTransportadora], [CodigoVehiculo], [CodigoCategoria]) VALUES (3, 2, 57, 1)
IF NOT EXISTS (SELECT Codigo FROM dbo.EmpresaTransportadoraVehiculo WHERE Codigo = 4)
INSERT [dbo].[EmpresaTransportadoraVehiculo] ([Codigo], [CodigoEmpresaTransportadora], [CodigoVehiculo], [CodigoCategoria]) VALUES (4, 2, 58, 2)
SET IDENTITY_INSERT [dbo].[EmpresaTransportadoraVehiculo] OFF


SET IDENTITY_INSERT [dbo].[Accesorio] ON 
IF NOT EXISTS (SELECT Codigo FROM dbo.Accesorio WHERE Codigo = 1)
INSERT [dbo].[Accesorio] ([Codigo], [Nombre]) VALUES (1, N'Barras de bloqueo')
IF NOT EXISTS (SELECT Codigo FROM dbo.Accesorio WHERE Codigo = 2)
INSERT [dbo].[Accesorio] ([Codigo], [Nombre]) VALUES (2, N'Lonas')
IF NOT EXISTS (SELECT Codigo FROM dbo.Accesorio WHERE Codigo = 3)
INSERT [dbo].[Accesorio] ([Codigo], [Nombre]) VALUES (3, N'Cinchas')
IF NOT EXISTS (SELECT Codigo FROM dbo.Accesorio WHERE Codigo = 4)
INSERT [dbo].[Accesorio] ([Codigo], [Nombre]) VALUES (4, N'Cinta de amarre')
IF NOT EXISTS (SELECT Codigo FROM dbo.Accesorio WHERE Codigo = 5)
INSERT [dbo].[Accesorio] ([Codigo], [Nombre]) VALUES (5, N'Mamparra')
IF NOT EXISTS (SELECT Codigo FROM dbo.Accesorio WHERE Codigo = 6)
INSERT [dbo].[Accesorio] ([Codigo], [Nombre]) VALUES (6, N'Cadenas')
IF NOT EXISTS (SELECT Codigo FROM dbo.Accesorio WHERE Codigo = 7)
INSERT [dbo].[Accesorio] ([Codigo], [Nombre]) VALUES (7, N'Pallets')
IF NOT EXISTS (SELECT Codigo FROM dbo.Accesorio WHERE Codigo = 8)
INSERT [dbo].[Accesorio] ([Codigo], [Nombre]) VALUES (8, N'Twist locks')
SET IDENTITY_INSERT [dbo].[Accesorio] OFF
